REGION,ID_0,NAME_0,OCCUPANCY,BUILDINGS,TOTAL_AREA_SQM,BLDG_REPL_COST_USD,COST_CONTENTS_USD,UCC_USD_PER_SQM,UCC_ADJ_USD_PER_SQM,CONTENTS_USD_PER_SQM,GEM_COMMIT
South Asia,AFG,Afghanistan,RES,6374073,606051671,57745796997,10190434772,95.3,95.3,16.8,e2a74b9
South Asia,AFG,Afghanistan,COM,410191,35748497,6696264380,1334847044,187.3,187.3,37.3,e2a74b9
South Asia,AFG,Afghanistan,IND,115040,28233534,5140819164,1713606385,182.1,182.1,60.7,e2a74b9
South Asia,AFG,Afghanistan,TOTAL,6899304,670033702,69582880541,13238888201,103.8,103.8,19.8,e2a74b9
Europe,ALB,Albania,RES,652211,68290959,24465285808,4335388129,358.3,358.3,63.5,e2a74b9
Europe,ALB,Albania,COM,36320,8130917,4163429190,894507606,512.0,512.0,110.0,e2a74b9
Europe,ALB,Albania,IND,18099,5701138,2371897206,986156297,416.0,416.0,173.0,e2a74b9
Europe,ALB,Albania,TOTAL,706630,82123014,31000612204,6216052032,377.5,377.5,75.7,e2a74b9
Africa,DZA,Algeria,RES,7337894,674013723,262266588975,53671336152,389.1,389.1,79.6,e2a74b9
Africa,DZA,Algeria,COM,329012,72438041,41681490312,10140867271,575.4,575.4,140.0,e2a74b9
Africa,DZA,Algeria,IND,213847,60920148,25570795956,9129128109,419.7,419.7,149.9,e2a74b9
Africa,DZA,Algeria,TOTAL,7880753,807371912,329518875243,72941331532,408.1,408.1,90.3,e2a74b9
Oceania,ASM,American Samoa,RES,13651,2891640,5053502995,2526738397,1747.6,1747.6,873.8,e2a74b9
Oceania,ASM,American Samoa,COM,261,113637,216604342,216604342,1906.1,1906.1,1906.1,e2a74b9
Oceania,ASM,American Samoa,IND,115,63060,126360472,189541265,2003.8,2003.8,3005.7,e2a74b9
Oceania,ASM,American Samoa,TOTAL,14027,3068337,5396467809,2932884004,1758.8,1758.8,955.9,e2a74b9
Europe,AND,Andorra,RES,15405,2561393,4021502957,734583465,1570.0,1570.0,286.8,e2a74b9
Europe,AND,Andorra,COM,4527,1885521,2891179671,595915211,1533.4,1533.4,316.0,e2a74b9
Europe,AND,Andorra,IND,1277,873448,1043189102,477400620,1194.3,1194.3,546.6,e2a74b9
Europe,AND,Andorra,TOTAL,21209,5320362,7955871730,1807899296,1495.4,1495.4,339.8,e2a74b9
Africa,AGO,Angola,RES,8785826,710799531,137396959116,25398844817,193.3,193.3,35.7,e2a74b9
Africa,AGO,Angola,COM,435244,85553981,33491194720,8642456872,391.5,391.5,101.0,e2a74b9
Africa,AGO,Angola,IND,76661,21846507,8780855819,3017876085,401.9,401.9,138.1,e2a74b9
Africa,AGO,Angola,TOTAL,9297731,818200019,179669009655,37059177774,219.6,219.6,45.3,e2a74b9
Caribbean Central America,AIA,Anguilla,RES,4006,1412417,1146357383,203186520,811.6,811.6,143.9,e2a74b9
Caribbean Central America,AIA,Anguilla,COM,861,229590,272217411,63008835,1185.7,1185.7,274.4,e2a74b9
Caribbean Central America,AIA,Anguilla,IND,131,29925,29326336,11353062,980.0,980.0,379.4,e2a74b9
Caribbean Central America,AIA,Anguilla,TOTAL,4998,1671932,1447901130,277548417,866.0,866.0,166.0,e2a74b9
Caribbean Central America,ATG,Antigua and Barbuda,RES,28275,9109797,7502474773,1593515884,823.6,823.6,174.9,e2a74b9
Caribbean Central America,ATG,Antigua and Barbuda,COM,3013,888491,930858293,215026698,1047.7,1047.7,242.0,e2a74b9
Caribbean Central America,ATG,Antigua and Barbuda,IND,754,327527,320976028,126693040,980.0,980.0,386.8,e2a74b9
Caribbean Central America,ATG,Antigua and Barbuda,TOTAL,32042,10325815,8754309094,1935235622,847.8,847.8,187.4,e2a74b9
South America,ARG,Argentina,RES,11325190,1091718113,584024647774,118903500729,535.0,535.0,108.9,e2a74b9
South America,ARG,Argentina,COM,551486,153357015,127028373961,23900493958,828.3,828.3,155.8,e2a74b9
South America,ARG,Argentina,IND,209556,68882619,36465547123,12987413942,529.4,529.4,188.5,e2a74b9
South America,ARG,Argentina,TOTAL,12086232,1313957747,747518568858,155791408629,568.9,568.9,118.6,e2a74b9
Middle East,ARM,Armenia,RES,599751,88197781,39948808947,7572519145,452.9,452.9,85.9,e2a74b9
Middle East,ARM,Armenia,COM,53362,18676912,10541726542,2151361495,564.4,564.4,115.2,e2a74b9
Middle East,ARM,Armenia,IND,7154,2965287,1344707916,487304423,453.5,453.5,164.3,e2a74b9
Middle East,ARM,Armenia,TOTAL,660267,109839980,51835243405,10211185063,471.9,471.9,93.0,e2a74b9
Caribbean Central America,ABW,Aruba,RES,23179,11926253,12700259719,3024809001,1064.9,1064.9,253.6,e2a74b9
Caribbean Central America,ABW,Aruba,COM,1461,781067,1023321118,218488880,1310.2,1310.2,279.7,e2a74b9
Caribbean Central America,ABW,Aruba,IND,755,1299343,1273356273,480904211,980.0,980.0,370.1,e2a74b9
Caribbean Central America,ABW,Aruba,TOTAL,25395,14006663,14996937110,3724202092,1070.7,1070.7,265.9,e2a74b9
Oceania,AUS,Australia,RES,9209165,2877676252,4771715380184,590203657234,1658.2,1658.2,205.1,e2a74b9
Oceania,AUS,Australia,COM,221372,780703283,1993114735059,498278683989,2553.0,2553.0,638.2,e2a74b9
Oceania,AUS,Australia,IND,157201,209533968,278636640165,109943233193,1329.8,1329.8,524.7,e2a74b9
Oceania,AUS,Australia,TOTAL,9587738,3867913503,7043466755408,1198425574416,1821.0,1821.0,309.8,e2a74b9
Europe,AUT,Austria,RES,2371885,487775976,771879447596,140095786197,1582.4,1582.4,287.2,e2a74b9
Europe,AUT,Austria,COM,106488,107681193,200152821052,50560439919,1858.8,1858.8,469.5,e2a74b9
Europe,AUT,Austria,IND,879,1566940,2063046218,858580689,1316.6,1316.6,547.9,e2a74b9
Europe,AUT,Austria,TOTAL,2479252,597024109,974095314866,191514806805,1631.6,1631.6,320.8,e2a74b9
Middle East,AZE,Azerbaijan,RES,1477979,222333661,86108288731,15485055536,387.3,387.3,69.6,e2a74b9
Middle East,AZE,Azerbaijan,COM,114951,39812978,19906488748,4153234979,500.0,500.0,104.3,e2a74b9
Middle East,AZE,Azerbaijan,IND,53573,22141919,10804187200,3919251373,488.0,488.0,177.0,e2a74b9
Middle East,AZE,Azerbaijan,TOTAL,1646503,284288558,116818964679,23557541888,410.9,410.9,82.9,e2a74b9
Caribbean Central America,BHS,Bahamas,RES,107570,53701357,66162068583,14155611724,1232.0,1232.0,263.6,e2a74b9
Caribbean Central America,BHS,Bahamas,COM,5189,5985228,9191556924,1757669264,1535.7,1535.7,293.7,e2a74b9
Caribbean Central America,BHS,Bahamas,IND,1332,4984924,5882210763,2341418225,1180.0,1180.0,469.7,e2a74b9
Caribbean Central America,BHS,Bahamas,TOTAL,114091,64671509,81235836270,18254699213,1256.1,1256.1,282.3,e2a74b9
Middle East,BHR,Bahrain,RES,238035,50796256,43223379330,7636856341,850.9,850.9,150.3,e2a74b9
Middle East,BHR,Bahrain,COM,34468,12816522,14647909194,2830190802,1142.9,1142.9,220.8,e2a74b9
Middle East,BHR,Bahrain,IND,16798,6967316,5710760903,2068811772,819.7,819.7,296.9,e2a74b9
Middle East,BHR,Bahrain,TOTAL,289301,70580094,63582049427,12535858915,900.8,900.8,177.6,e2a74b9
South Asia,BGD,Bangladesh,RES,31798575,1138965584,147525706344,26236529704,129.5,129.5,23.0,e2a74b9
South Asia,BGD,Bangladesh,COM,530361,45993274,11509842827,2710884568,250.3,250.3,58.9,e2a74b9
South Asia,BGD,Bangladesh,IND,112624,29348898,7623911893,2543515540,259.8,259.8,86.7,e2a74b9
South Asia,BGD,Bangladesh,TOTAL,32441560,1214307756,166659461064,31490929812,137.2,137.2,25.9,e2a74b9
Caribbean Central America,BRB,Barbados,RES,104189,15857310,15211284190,3051789790,959.3,959.3,192.5,e2a74b9
Caribbean Central America,BRB,Barbados,COM,4157,2261564,3009772759,570380129,1330.8,1330.8,252.2,e2a74b9
Caribbean Central America,BRB,Barbados,IND,1511,607896,699080054,244451938,1150.0,1150.0,402.1,e2a74b9
Caribbean Central America,BRB,Barbados,TOTAL,109857,18726770,18920137003,3866621857,1010.3,1010.3,206.5,e2a74b9
Europe,BLR,Belarus,RES,1997430,344013261,149365194489,28211338167,434.2,434.2,82.0,e2a74b9
Europe,BLR,Belarus,COM,77629,31224889,17132711890,4704465112,548.7,548.7,150.7,e2a74b9
Europe,BLR,Belarus,IND,31002,23847494,11322276361,4558111316,474.8,474.8,191.1,e2a74b9
Europe,BLR,Belarus,TOTAL,2106061,399085644,177820182740,37473914595,445.6,445.6,93.9,e2a74b9
Europe,BEL,Belgium,RES,3953664,455475875,680146181257,120528937333,1493.3,1493.3,264.6,e2a74b9
Europe,BEL,Belgium,COM,119717,134848450,230448413575,60037679579,1708.9,1708.9,445.2,e2a74b9
Europe,BEL,Belgium,IND,65543,181184676,184703650611,80016508937,1019.4,1019.4,441.6,e2a74b9
Europe,BEL,Belgium,TOTAL,4138924,771509001,1095298245443,260583125849,1419.7,1419.7,337.8,e2a74b9
Caribbean Central America,BLZ,Belize,RES,58037,8737279,5394630636,1065450445,617.4,617.4,121.9,e2a74b9
Caribbean Central America,BLZ,Belize,COM,6766,1379182,1094373750,223357783,793.5,793.5,161.9,e2a74b9
Caribbean Central America,BLZ,Belize,IND,1551,463993,283035578,111502082,610.0,610.0,240.3,e2a74b9
Caribbean Central America,BLZ,Belize,TOTAL,66354,10580454,6772039964,1400310310,640.1,640.1,132.3,e2a74b9
Africa,BEN,Benin,RES,2838183,227189431,35965692587,7032272394,158.3,158.3,31.0,e2a74b9
Africa,BEN,Benin,COM,100828,18988493,4276058818,1188816435,225.2,225.2,62.6,e2a74b9
Africa,BEN,Benin,IND,39991,11397829,3121857039,1077197495,273.9,273.9,94.5,e2a74b9
Africa,BEN,Benin,TOTAL,2979002,257575753,43363608444,9298286324,168.4,168.4,36.1,e2a74b9
South Asia,BTN,Bhutan,RES,194485,55467767,4425776470,826689448,79.8,79.8,14.9,e2a74b9
South Asia,BTN,Bhutan,COM,6906,767894,89899824,19177693,117.1,117.1,25.0,e2a74b9
South Asia,BTN,Bhutan,IND,813,202358,26534434,8844816,131.1,131.1,43.7,e2a74b9
South Asia,BTN,Bhutan,TOTAL,202204,56438019,4542210728,854711957,80.5,80.5,15.1,e2a74b9
South America,BOL,Bolivia,RES,3360350,261632987,68105712309,15523011596,260.3,260.3,59.3,e2a74b9
South America,BOL,Bolivia,COM,135368,30027673,12466341166,2946658224,415.2,415.2,98.1,e2a74b9
South America,BOL,Bolivia,IND,14600,4689624,1920826210,652290102,409.6,409.6,139.1,e2a74b9
South America,BOL,Bolivia,TOTAL,3510318,296350284,82492879685,19121959922,278.4,278.4,64.5,e2a74b9
Europe,BIH,Bosnia and Herzegovina,RES,1186010,133129464,46934423079,8282545246,352.5,352.5,62.2,e2a74b9
Europe,BIH,Bosnia and Herzegovina,COM,15686,9965204,4737057259,1079260704,475.4,475.4,108.3,e2a74b9
Europe,BIH,Bosnia and Herzegovina,IND,7352,11793598,5073804047,2088323061,430.2,430.2,177.1,e2a74b9
Europe,BIH,Bosnia and Herzegovina,TOTAL,1209048,154888266,56745284385,11450129011,366.4,366.4,73.9,e2a74b9
Africa,BWA,Botswana,RES,653966,58351335,16571380504,3138240695,284.0,284.0,53.8,e2a74b9
Africa,BWA,Botswana,COM,17127,3641848,1392274337,334749069,382.3,382.3,91.9,e2a74b9
Africa,BWA,Botswana,IND,5750,1634398,573826632,206467108,351.1,351.1,126.3,e2a74b9
Africa,BWA,Botswana,TOTAL,676843,63627581,18537481473,3679456872,291.3,291.3,57.8,e2a74b9
South America,BRA,Brazil,RES,58701128,8201608289,2956445227592,618236501183,360.5,360.5,75.4,e2a74b9
South America,BRA,Brazil,COM,7858630,2860779861,977935921449,181177621385,341.8,341.8,63.3,e2a74b9
South America,BRA,Brazil,IND,1260747,517305677,207431317222,70915358054,401.0,401.0,137.1,e2a74b9
South America,BRA,Brazil,TOTAL,67820505,11579693827,4141812466263,870329480622,357.7,357.7,75.2,e2a74b9
Caribbean Central America,VGB,British Virgin Islands,RES,9191,5052325,9228127313,1885482860,1826.5,1826.5,373.2,e2a74b9
Caribbean Central America,VGB,British Virgin Islands,COM,796,651845,1348447904,284348283,2068.7,2068.7,436.2,e2a74b9
Caribbean Central America,VGB,British Virgin Islands,IND,295,1056163,1816600222,699988009,1720.0,1720.0,662.8,e2a74b9
Caribbean Central America,VGB,British Virgin Islands,TOTAL,10282,6760333,12393175439,2869819152,1833.2,1833.2,424.5,e2a74b9
Southeast Asia,BRN,Brunei,RES,71748,8150943,5332081320,1140339155,654.2,654.2,139.9,e2a74b9
Southeast Asia,BRN,Brunei,COM,2731,806342,826055270,153901454,1024.4,1024.4,190.9,e2a74b9
Southeast Asia,BRN,Brunei,IND,1556,227413,157044658,57363179,690.6,690.6,252.2,e2a74b9
Southeast Asia,BRN,Brunei,TOTAL,76035,9184698,6315181248,1351603788,687.6,687.6,147.2,e2a74b9
Europe,BGR,Bulgaria,RES,2188034,313435935,181293844413,32079675982,578.4,578.4,102.3,e2a74b9
Europe,BGR,Bulgaria,COM,90168,43024155,26779749743,6381373418,622.4,622.4,148.3,e2a74b9
Europe,BGR,Bulgaria,IND,56156,115301528,58603755913,24829777001,508.3,508.3,215.3,e2a74b9
Europe,BGR,Bulgaria,TOTAL,2334358,471761618,266677350069,63290826401,565.3,565.3,134.2,e2a74b9
Africa,BFA,Burkina Faso,RES,4133070,302814360,36131855526,6733164293,119.3,119.3,22.2,e2a74b9
Africa,BFA,Burkina Faso,COM,153662,28650316,5732064160,1729799718,200.1,200.1,60.4,e2a74b9
Africa,BFA,Burkina Faso,IND,71026,20247120,5692707617,1948940518,281.2,281.2,96.3,e2a74b9
Africa,BFA,Burkina Faso,TOTAL,4357758,351711796,47556627303,10411904529,135.2,135.2,29.6,e2a74b9
Africa,BDI,Burundi,RES,2856537,229873311,13770324544,2569630192,59.9,59.9,11.2,e2a74b9
Africa,BDI,Burundi,COM,23489,4267792,445249362,138524667,104.3,104.3,32.5,e2a74b9
Africa,BDI,Burundi,IND,6988,1962464,512231985,187376785,261.0,261.0,95.5,e2a74b9
Africa,BDI,Burundi,TOTAL,2887014,236103567,14727805891,2895531644,62.4,62.4,12.3,e2a74b9
Africa,CPV,Cabo Verde,RES,144568,11624058,3756676562,767417390,323.2,323.2,66.0,e2a74b9
Africa,CPV,Cabo Verde,COM,6889,1245084,589589059,146344984,473.5,473.5,117.5,e2a74b9
Africa,CPV,Cabo Verde,IND,2517,677965,262569116,95679845,387.3,387.3,141.1,e2a74b9
Africa,CPV,Cabo Verde,TOTAL,153974,13547107,4608834737,1009442219,340.2,340.2,74.5,e2a74b9
Southeast Asia,KHM,Cambodia,RES,3656512,283733930,47843754234,10873771624,168.6,168.6,38.3,e2a74b9
Southeast Asia,KHM,Cambodia,COM,97691,16581072,8097994788,1644108187,488.4,488.4,99.2,e2a74b9
Southeast Asia,KHM,Cambodia,IND,11315,3160186,1338300943,492127005,423.5,423.5,155.7,e2a74b9
Southeast Asia,KHM,Cambodia,TOTAL,3765518,303475188,57280049965,13010006816,188.7,188.7,42.9,e2a74b9
Africa,CMR,Cameroon,RES,5712554,487100738,98190342961,18505861277,201.6,201.6,38.0,e2a74b9
Africa,CMR,Cameroon,COM,241893,49006276,12858694249,3471675763,262.4,262.4,70.8,e2a74b9
Africa,CMR,Cameroon,IND,89780,25579106,7895782661,2901103206,308.7,308.7,113.4,e2a74b9
Africa,CMR,Cameroon,TOTAL,6044227,561686120,118944819871,24878640246,211.8,211.8,44.3,e2a74b9
North America,CAN,Canada,RES,10098356,1025266715,1734856273231,406494564456,1692.1,1692.1,396.5,e2a74b9
North America,CAN,Canada,COM,636434,634881542,1419577968593,354894488749,2236.0,2236.0,559.0,e2a74b9
North America,CAN,Canada,IND,89797,100980979,124329346051,46200476710,1231.2,1231.2,457.5,e2a74b9
North America,CAN,Canada,TOTAL,10824587,1761129236,3278763587875,807589529915,1861.7,1861.7,458.6,e2a74b9
Caribbean Central America,CYM,Cayman Islands,RES,14319,16634583,27919421604,5116188547,1678.4,1678.4,307.6,e2a74b9
Caribbean Central America,CYM,Cayman Islands,COM,1193,2349268,4580482710,837120290,1949.7,1949.7,356.3,e2a74b9
Caribbean Central America,CYM,Cayman Islands,IND,279,672639,881157687,356780503,1310.0,1310.0,530.4,e2a74b9
Caribbean Central America,CYM,Cayman Islands,TOTAL,15791,19656490,33381062001,6310089340,1698.2,1698.2,321.0,e2a74b9
Africa,CAF,Central African Republic,RES,1092320,87495905,12066288555,2398425800,137.9,137.9,27.4,e2a74b9
Africa,CAF,Central African Republic,COM,19248,3565788,756486688,222267280,212.2,212.2,62.3,e2a74b9
Africa,CAF,Central African Republic,IND,4564,1269449,427789205,143934622,337.0,337.0,113.4,e2a74b9
Africa,CAF,Central African Republic,TOTAL,1116132,92331142,13250564448,2764627702,143.5,143.5,29.9,e2a74b9
Africa,TCD,Chad,RES,3521411,259336969,27201259902,4840483623,104.9,104.9,18.7,e2a74b9
Africa,TCD,Chad,COM,58944,11013049,2208268821,654436436,200.5,200.5,59.4,e2a74b9
Africa,TCD,Chad,IND,4034,1079986,391950635,160028914,362.9,362.9,148.2,e2a74b9
Africa,TCD,Chad,TOTAL,3584389,271430004,29801479358,5654948973,109.8,109.8,20.8,e2a74b9
South America,CHL,Chile,RES,3959749,575687119,616570072110,117472810984,1071.0,1071.0,204.1,e2a74b9
South America,CHL,Chile,COM,289558,86837633,120622839544,25389474978,1389.1,1389.1,292.4,e2a74b9
South America,CHL,Chile,IND,162212,58082480,66930434373,27138366650,1152.3,1152.3,467.2,e2a74b9
South America,CHL,Chile,TOTAL,4411519,720607232,804123346027,170000652612,1115.9,1115.9,235.9,e2a74b9
East Asia,CHN,China,RES,189425167,49994502155,24027771346004,4553245769948,480.6,480.6,91.1,e2a74b9
East Asia,CHN,China,COM,35366601,10665360398,6419700732594,1604925183038,601.9,601.9,150.5,e2a74b9
East Asia,CHN,China,IND,19199535,12480223421,3651058363748,1278928822815,292.5,292.5,102.5,e2a74b9
East Asia,CHN,China,TOTAL,243991303,73140085974,34098530442346,7437099775801,466.2,466.2,101.7,e2a74b9
South America,COL,Colombia,RES,9114485,1973454771,584122305817,118397939585,296.0,296.0,60.0,e2a74b9
South America,COL,Colombia,COM,399376,141928495,67124093597,12451587955,472.9,472.9,87.7,e2a74b9
South America,COL,Colombia,IND,326438,82624056,37594605262,13011684191,455.0,455.0,157.5,e2a74b9
South America,COL,Colombia,TOTAL,9840299,2198007322,688841004676,143861211731,313.4,313.4,65.5,e2a74b9
Africa,COM,Comoros,RES,206696,16099199,4586001609,908961358,284.9,284.9,56.5,e2a74b9
Africa,COM,Comoros,COM,2912,548373,199433149,61612654,363.7,363.7,112.4,e2a74b9
Africa,COM,Comoros,IND,1122,316786,151649768,61144554,478.7,478.7,193.0,e2a74b9
Africa,COM,Comoros,TOTAL,210730,16964358,4937084526,1031718566,291.0,291.0,60.8,e2a74b9
Africa,COG,Congo,RES,1743574,140857000,23970020319,4715762960,170.2,170.2,33.5,e2a74b9
Africa,COG,Congo,COM,50985,9739218,2264454383,588798294,232.5,232.5,60.5,e2a74b9
Africa,COG,Congo,IND,22928,6513298,2355970951,793251574,361.7,361.7,121.8,e2a74b9
Africa,COG,Congo,TOTAL,1817487,157109516,28590445653,6097812828,182.0,182.0,38.8,e2a74b9
Oceania,COK,Cook Islands,RES,9280,1791579,1830325010,457581251,1021.6,1021.6,255.4,e2a74b9
Oceania,COK,Cook Islands,COM,1680,511170,548625705,156316516,1073.3,1073.3,305.8,e2a74b9
Oceania,COK,Cook Islands,IND,70,31646,33864639,15633377,1070.1,1070.1,494.0,e2a74b9
Oceania,COK,Cook Islands,TOTAL,11030,2334395,2412815354,629531144,1033.6,1033.6,269.7,e2a74b9
Caribbean Central America,CRI,Costa Rica,RES,1515463,159258385,99047463270,18596830021,621.9,621.9,116.8,e2a74b9
Caribbean Central America,CRI,Costa Rica,COM,34617,29151888,23180865793,4453966039,795.2,795.2,152.8,e2a74b9
Caribbean Central America,CRI,Costa Rica,IND,21992,22522191,12387204878,4552448808,550.0,550.0,202.1,e2a74b9
Caribbean Central America,CRI,Costa Rica,TOTAL,1572072,210932464,134615533941,27603244868,638.2,638.2,130.9,e2a74b9
Europe,HRV,Croatia,RES,1775043,182840903,178866994542,31564763770,978.3,978.3,172.6,e2a74b9
Europe,HRV,Croatia,COM,37170,22647427,23088644195,5454401809,1019.5,1019.5,240.8,e2a74b9
Europe,HRV,Croatia,IND,30016,19369529,15666659163,6237809371,808.8,808.8,322.0,e2a74b9
Europe,HRV,Croatia,TOTAL,1842229,224857859,217622297900,43256974950,967.8,967.8,192.4,e2a74b9
Caribbean Central America,CUB,Cuba,RES,3231888,339169725,81002746726,15905302597,238.8,238.8,46.9,e2a74b9
Caribbean Central America,CUB,Cuba,COM,123703,40687417,14421312028,2834397972,354.4,354.4,69.7,e2a74b9
Caribbean Central America,CUB,Cuba,IND,76247,40173610,15122951601,5400011451,376.4,376.4,134.4,e2a74b9
Caribbean Central America,CUB,Cuba,TOTAL,3431838,420030752,110547010355,24139712020,263.2,263.2,57.5,e2a74b9
Europe,CYP,Cyprus,RES,280861,65829289,72337911585,12765513840,1098.9,1098.9,193.9,e2a74b9
Europe,CYP,Cyprus,COM,18011,8273698,9650677746,2412669441,1166.4,1166.4,291.6,e2a74b9
Europe,CYP,Cyprus,IND,7554,16946895,13049109251,5600490041,770.0,770.0,330.5,e2a74b9
Europe,CYP,Cyprus,TOTAL,306426,91049882,95037698582,20778673322,1043.8,1043.8,228.2,e2a74b9
Europe,CZE,Czechia,RES,2369805,358381112,429119160509,75800527246,1197.4,1197.4,211.5,e2a74b9
Europe,CZE,Czechia,COM,117285,65080123,85339077053,21342226041,1311.3,1311.3,327.9,e2a74b9
Europe,CZE,Czechia,IND,84552,127288445,104228529136,45142483137,818.8,818.8,354.6,e2a74b9
Europe,CZE,Czechia,TOTAL,2571642,550749680,618686766698,142285236424,1123.4,1123.4,258.3,e2a74b9
Africa,CIV,Côte d'Ivoire,RES,6145979,492128667,90917146033,17523545245,184.7,184.7,35.6,e2a74b9
Africa,CIV,Côte d'Ivoire,COM,156531,29475348,7332447386,2065866712,248.8,248.8,70.1,e2a74b9
Africa,CIV,Côte d'Ivoire,IND,41821,11915714,3917175050,1365041229,328.7,328.7,114.6,e2a74b9
Africa,CIV,Côte d'Ivoire,TOTAL,6344331,533519729,102166768469,20954453186,191.5,191.5,39.3,e2a74b9
Africa,COD,Democratic Republic of the Congo,RES,22790710,1827906462,195907452243,39121610972,107.2,107.2,21.4,e2a74b9
Africa,COD,Democratic Republic of the Congo,COM,388872,73501670,13206081192,3682996351,179.7,179.7,50.1,e2a74b9
Africa,COD,Democratic Republic of the Congo,IND,147388,42010703,9650575057,3274047968,229.7,229.7,77.9,e2a74b9
Africa,COD,Democratic Republic of the Congo,TOTAL,23326970,1943418835,218764108492,46078655291,112.6,112.6,23.7,e2a74b9
Europe,DNK,Denmark,RES,1625168,308130593,668906657287,120830854748,2170.9,2170.9,392.1,e2a74b9
Europe,DNK,Denmark,COM,92245,80085216,176831406755,45039627286,2208.0,2208.0,562.4,e2a74b9
Europe,DNK,Denmark,IND,76133,78322726,131169692984,54839311368,1674.7,1674.7,700.2,e2a74b9
Europe,DNK,Denmark,TOTAL,1793546,466538535,976907757026,220709793402,2093.9,2093.9,473.1,e2a74b9
Africa,DJI,Djibouti,RES,191032,13304872,3685526592,717931992,277.0,277.0,54.0,e2a74b9
Africa,DJI,Djibouti,COM,5589,943588,447052447,130552851,473.8,473.8,138.4,e2a74b9
Africa,DJI,Djibouti,IND,1086,293909,141824057,48972130,482.5,482.5,166.6,e2a74b9
Africa,DJI,Djibouti,TOTAL,197707,14542369,4274403096,897456973,293.9,293.9,61.7,e2a74b9
Caribbean Central America,DMA,Dominica,RES,19310,4784898,3797386699,682848624,793.6,793.6,142.7,e2a74b9
Caribbean Central America,DMA,Dominica,COM,866,235055,241293298,60649550,1026.5,1026.5,258.0,e2a74b9
Caribbean Central America,DMA,Dominica,IND,1194,151680,122861049,45300763,810.0,810.0,298.7,e2a74b9
Caribbean Central America,DMA,Dominica,TOTAL,21370,5171633,4161541046,788798937,804.7,804.7,152.5,e2a74b9
Caribbean Central America,DOM,Dominican Republic,RES,3255525,443923849,319249342854,62550594749,719.2,719.2,140.9,e2a74b9
Caribbean Central America,DOM,Dominican Republic,COM,95136,40397828,28274001433,5984532707,699.9,699.9,148.1,e2a74b9
Caribbean Central America,DOM,Dominican Republic,IND,46065,31694531,14579484281,5480635559,460.0,460.0,172.9,e2a74b9
Caribbean Central America,DOM,Dominican Republic,TOTAL,3396726,516016208,362102828568,74015763015,701.7,701.7,143.4,e2a74b9
South America,ECU,Ecuador,RES,3489366,544229352,300045062150,58128068320,551.3,551.3,106.8,e2a74b9
South America,ECU,Ecuador,COM,352130,102911316,67275742527,12855200322,653.7,653.7,124.9,e2a74b9
South America,ECU,Ecuador,IND,157404,27377481,15444152259,5387156372,564.1,564.1,196.8,e2a74b9
South America,ECU,Ecuador,TOTAL,3998900,674518149,382764956936,76370425014,567.5,567.5,113.2,e2a74b9
Africa,EGY,Egypt,RES,26619207,2365217915,588125296676,104782424710,248.7,248.7,44.3,e2a74b9
Africa,EGY,Egypt,COM,1398274,293513600,105835005935,26096970952,360.6,360.6,88.9,e2a74b9
Africa,EGY,Egypt,IND,827365,235792437,65063315189,24887538583,275.9,275.9,105.5,e2a74b9
Africa,EGY,Egypt,TOTAL,28844846,2894523952,759023617800,155766934245,262.2,262.2,53.8,e2a74b9
Caribbean Central America,SLV,El Salvador,RES,2291165,267929222,156860136864,27725069771,585.5,585.5,103.5,e2a74b9
Caribbean Central America,SLV,El Salvador,COM,200165,46258814,27342497746,4978292872,591.1,591.1,107.6,e2a74b9
Caribbean Central America,SLV,El Salvador,IND,1700,5600390,4175760456,1789611623,745.6,745.6,319.6,e2a74b9
Caribbean Central America,SLV,El Salvador,TOTAL,2493030,319788426,188378395066,34492974266,589.1,589.1,107.9,e2a74b9
Africa,GNQ,Equatorial Guinea,RES,290647,23918249,6393396495,1271832180,267.3,267.3,53.2,e2a74b9
Africa,GNQ,Equatorial Guinea,COM,15233,2893623,1053460010,262490531,364.1,364.1,90.7,e2a74b9
Africa,GNQ,Equatorial Guinea,IND,7909,2252411,876358953,322867786,389.1,389.1,143.3,e2a74b9
Africa,GNQ,Equatorial Guinea,TOTAL,313789,29064283,8323215458,1857190497,286.4,286.4,63.9,e2a74b9
Africa,ERI,Eritrea,RES,821647,65023224,17941636191,3311835441,275.9,275.9,50.9,e2a74b9
Africa,ERI,Eritrea,COM,22786,4152817,2133973449,651211429,513.9,513.9,156.8,e2a74b9
Africa,ERI,Eritrea,IND,5133,1457589,646110559,256013655,443.3,443.3,175.6,e2a74b9
Africa,ERI,Eritrea,TOTAL,849566,70633630,20721720199,4219060525,293.4,293.4,59.7,e2a74b9
Europe,EST,Estonia,RES,242902,42479263,53913855769,10173146676,1269.2,1269.2,239.5,e2a74b9
Europe,EST,Estonia,COM,14751,7918726,10977273560,2838988958,1386.2,1386.2,358.5,e2a74b9
Europe,EST,Estonia,IND,10955,19540691,17240999914,7604374119,882.3,882.3,389.2,e2a74b9
Europe,EST,Estonia,TOTAL,268608,69938680,82132129243,20616509753,1174.3,1174.3,294.8,e2a74b9
Africa,SWZ,Eswatini,RES,339921,27679750,6233483654,1200186137,225.2,225.2,43.4,e2a74b9
Africa,SWZ,Eswatini,COM,7491,1388540,454606283,116416287,327.4,327.4,83.8,e2a74b9
Africa,SWZ,Eswatini,IND,2921,831592,268493268,91931861,322.9,322.9,110.5,e2a74b9
Africa,SWZ,Eswatini,TOTAL,350333,29899882,6956583205,1408534285,232.7,232.7,47.1,e2a74b9
Africa,ETH,Ethiopia,RES,31904110,2258433156,167812743352,37915222153,74.3,74.3,16.8,e2a74b9
Africa,ETH,Ethiopia,COM,537295,103916090,26280478465,8349696887,252.9,252.9,80.4,e2a74b9
Africa,ETH,Ethiopia,IND,190400,54251765,17497771680,7585085303,322.5,322.5,139.8,e2a74b9
Africa,ETH,Ethiopia,TOTAL,32631805,2416601011,211590993497,53850004343,87.6,87.6,22.3,e2a74b9
Oceania,FSM,Federated States of Micronesia,RES,29169,1355980,1485648900,371412225,1095.6,1095.6,273.9,e2a74b9
Oceania,FSM,Federated States of Micronesia,COM,2173,390450,343518750,94103438,879.8,879.8,241.0,e2a74b9
Oceania,FSM,Federated States of Micronesia,IND,127,19800,15711251,6761042,793.5,793.5,341.5,e2a74b9
Oceania,FSM,Federated States of Micronesia,TOTAL,31469,1766230,1844878901,472276705,1044.5,1044.5,267.4,e2a74b9
Oceania,FJI,Fiji,RES,217802,16531426,14459923166,2814668181,874.7,874.7,170.3,e2a74b9
Oceania,FJI,Fiji,COM,7999,712689,606445003,129519210,850.9,850.9,181.7,e2a74b9
Oceania,FJI,Fiji,IND,1725,282550,237757597,83368934,841.5,841.5,295.1,e2a74b9
Oceania,FJI,Fiji,TOTAL,227526,17526665,15304125766,3027556325,873.2,873.2,172.7,e2a74b9
Europe,FIN,Finland,RES,1440049,200838825,422675496762,82325347969,2104.6,2104.6,409.9,e2a74b9
Europe,FIN,Finland,COM,70480,41416401,95018645659,26118875629,2294.2,2294.2,630.6,e2a74b9
Europe,FIN,Finland,IND,44005,83272291,126097147017,55657615195,1514.3,1514.3,668.4,e2a74b9
Europe,FIN,Finland,TOTAL,1554534,325527517,643791289438,164101838793,1977.7,1977.7,504.1,e2a74b9
Europe,FRA,France,RES,15420863,3227302045,5433072158140,979371261999,1683.5,1683.5,303.5,e2a74b9
Europe,FRA,France,COM,646239,521196183,874749144623,220111679682,1678.3,1678.3,422.3,e2a74b9
Europe,FRA,France,IND,328279,660355164,791725387816,333667993296,1198.9,1198.9,505.3,e2a74b9
Europe,FRA,France,TOTAL,16395381,4408853392,7099546690579,1533150934977,1610.3,1610.3,347.7,e2a74b9
South America,GUF,French Guiana,RES,36187,4927328,5862944676,1214708673,1189.9,1189.9,246.5,e2a74b9
South America,GUF,French Guiana,COM,1491,426414,665333175,125660295,1560.3,1560.3,294.7,e2a74b9
South America,GUF,French Guiana,IND,1039,287917,387700043,134516472,1346.6,1346.6,467.2,e2a74b9
South America,GUF,French Guiana,TOTAL,38717,5641659,6915977894,1474885440,1225.9,1225.9,261.4,e2a74b9
Africa,GAB,Gabon,RES,671534,54626011,14451841593,2987277819,264.6,264.6,54.7,e2a74b9
Africa,GAB,Gabon,COM,15575,2927965,995449255,255428290,340.0,340.0,87.2,e2a74b9
Africa,GAB,Gabon,IND,3105,867827,314938184,115021902,362.9,362.9,132.5,e2a74b9
Africa,GAB,Gabon,TOTAL,690214,58421803,15762229032,3357728011,269.8,269.8,57.5,e2a74b9
Africa,GMB,Gambia,RES,339378,28181994,5977221352,1135288410,212.1,212.1,40.3,e2a74b9
Africa,GMB,Gambia,COM,17522,3332306,948481824,245065629,284.6,284.6,73.5,e2a74b9
Africa,GMB,Gambia,IND,4411,1252869,369542482,123180833,295.0,295.0,98.3,e2a74b9
Africa,GMB,Gambia,TOTAL,361311,32767169,7295245658,1503534872,222.6,222.6,45.9,e2a74b9
Middle East,GEO,Georgia,RES,836680,121426120,48933106770,9215987691,403.0,403.0,75.9,e2a74b9
Middle East,GEO,Georgia,COM,70373,23401725,11006132490,2229861710,470.3,470.3,95.3,e2a74b9
Middle East,GEO,Georgia,IND,36801,11039886,4559467285,1652324854,413.0,413.0,149.7,e2a74b9
Middle East,GEO,Georgia,TOTAL,943854,155867731,64498706545,13098174255,413.8,413.8,84.0,e2a74b9
Europe,DEU,Germany,RES,20014296,3881388644,8352953026920,1663982716179,2152.1,2152.1,428.7,e2a74b9
Europe,DEU,Germany,COM,699924,1014775029,2155972583233,575933010740,2124.6,2124.6,567.5,e2a74b9
Europe,DEU,Germany,IND,434681,503422687,663470154913,287323898426,1317.9,1317.9,570.7,e2a74b9
Europe,DEU,Germany,TOTAL,21148901,5399586360,11172395765066,2527239625345,2069.1,2069.1,468.0,e2a74b9
Africa,GHA,Ghana,RES,9005065,733043488,102099276705,19098247109,139.3,139.3,26.1,e2a74b9
Africa,GHA,Ghana,COM,239511,46325862,13473065584,3466632542,290.8,290.8,74.8,e2a74b9
Africa,GHA,Ghana,IND,113786,32427167,9137089456,3055197429,281.8,281.8,94.2,e2a74b9
Africa,GHA,Ghana,TOTAL,9358362,811796517,124709431745,25620077080,153.6,153.6,31.6,e2a74b9
Europe,GIB,Gibraltar,RES,4166,795987,1822632305,334683625,2289.8,2289.8,420.5,e2a74b9
Europe,GIB,Gibraltar,COM,1508,764542,1894044335,432523380,2477.4,2477.4,565.7,e2a74b9
Europe,GIB,Gibraltar,IND,64,54389,111662316,54437960,2053.0,2053.0,1000.9,e2a74b9
Europe,GIB,Gibraltar,TOTAL,5738,1614918,3828338956,821644965,2370.6,2370.6,508.8,e2a74b9
Europe,GRC,Greece,RES,3259066,522517431,578639022221,102239095847,1107.4,1107.4,195.7,e2a74b9
Europe,GRC,Greece,COM,286594,66581677,74327029222,17713839127,1116.3,1116.3,266.0,e2a74b9
Europe,GRC,Greece,IND,59060,71763117,56030084122,20994536166,780.8,780.8,292.6,e2a74b9
Europe,GRC,Greece,TOTAL,3604720,660862225,708996135565,140947471140,1072.8,1072.8,213.3,e2a74b9
Caribbean Central America,GRD,Grenada,RES,36994,12499503,8587626084,1562234114,687.0,687.0,125.0,e2a74b9
Caribbean Central America,GRD,Grenada,COM,2680,747248,724239511,169897250,969.2,969.2,227.4,e2a74b9
Caribbean Central America,GRD,Grenada,IND,1205,805107,684340586,265783090,850.0,850.0,330.1,e2a74b9
Caribbean Central America,GRD,Grenada,TOTAL,40879,14051858,9996206181,1997914454,711.4,711.4,142.2,e2a74b9
Caribbean Central America,GLP,Guadeloupe,RES,147475,38370548,59192499804,10695956495,1542.7,1542.7,278.8,e2a74b9
Caribbean Central America,GLP,Guadeloupe,COM,4207,1496965,2381028958,533560180,1590.6,1590.6,356.4,e2a74b9
Caribbean Central America,GLP,Guadeloupe,IND,2496,1166452,1714683729,678154999,1470.0,1470.0,581.4,e2a74b9
Caribbean Central America,GLP,Guadeloupe,TOTAL,154178,41033965,63288212491,11907671674,1542.3,1542.3,290.2,e2a74b9
Oceania,GUM,Guam,RES,34988,10599836,19131872767,9565899656,1804.9,1804.9,902.5,e2a74b9
Oceania,GUM,Guam,COM,1802,1101701,2242176520,2242176520,2035.2,2035.2,2035.2,e2a74b9
Oceania,GUM,Guam,IND,1272,943354,2031450075,3047187403,2153.4,2153.4,3230.2,e2a74b9
Oceania,GUM,Guam,TOTAL,38062,12644891,23405499362,14855263579,1851.0,1851.0,1174.8,e2a74b9
Caribbean Central America,GTM,Guatemala,RES,4885831,456154306,229975302942,44632955571,504.2,504.2,97.8,e2a74b9
Caribbean Central America,GTM,Guatemala,COM,118846,35863489,22966730556,4471992045,640.4,640.4,124.7,e2a74b9
Caribbean Central America,GTM,Guatemala,IND,38240,26993159,12416853029,4272717878,460.0,460.0,158.3,e2a74b9
Caribbean Central America,GTM,Guatemala,TOTAL,5042917,519010954,265358886527,53377665494,511.3,511.3,102.8,e2a74b9
Africa,GIN,Guinea,RES,2354527,176435462,25221241802,4842882501,142.9,142.9,27.4,e2a74b9
Africa,GIN,Guinea,COM,65331,12226472,2673383408,765874287,218.7,218.7,62.6,e2a74b9
Africa,GIN,Guinea,IND,10370,2960581,991822123,331995022,335.0,335.0,112.1,e2a74b9
Africa,GIN,Guinea,TOTAL,2430228,191622515,28886447333,5940751810,150.7,150.7,31.0,e2a74b9
Africa,GNB,Guinea-Bissau,RES,261756,20877636,3860702012,762513894,184.9,184.9,36.5,e2a74b9
Africa,GNB,Guinea-Bissau,COM,9305,1711739,482210616,133905233,281.7,281.7,78.2,e2a74b9
Africa,GNB,Guinea-Bissau,IND,2384,667134,202617401,70210944,303.7,303.7,105.2,e2a74b9
Africa,GNB,Guinea-Bissau,TOTAL,273445,23256509,4545530029,966630071,195.5,195.5,41.6,e2a74b9
South America,GUY,Guyana,RES,148956,12400102,3958335023,925848661,319.2,319.2,74.7,e2a74b9
South America,GUY,Guyana,COM,8043,1235716,1066729553,201048796,863.2,863.2,162.7,e2a74b9
South America,GUY,Guyana,IND,6139,1415851,821664342,285139847,580.3,580.3,201.4,e2a74b9
South America,GUY,Guyana,TOTAL,163138,15051669,5846728918,1412037304,388.4,388.4,93.8,e2a74b9
Caribbean Central America,HTI,Haiti,RES,2650192,170858592,59964068000,14442196014,351.0,351.0,84.5,e2a74b9
Caribbean Central America,HTI,Haiti,COM,159827,18396955,7499760242,1785484234,407.7,407.7,97.1,e2a74b9
Caribbean Central America,HTI,Haiti,IND,50436,6139750,1950804485,682671670,317.7,317.7,111.2,e2a74b9
Caribbean Central America,HTI,Haiti,TOTAL,2860455,195395297,69414632727,16910351918,355.3,355.3,86.5,e2a74b9
Caribbean Central America,HND,Honduras,RES,2367230,263820336,93958766043,18713797729,356.1,356.1,70.9,e2a74b9
Caribbean Central America,HND,Honduras,COM,127940,46153423,26576365246,6307326973,575.8,575.8,136.7,e2a74b9
Caribbean Central America,HND,Honduras,IND,29345,28119754,11810296886,4420865041,420.0,420.0,157.2,e2a74b9
Caribbean Central America,HND,Honduras,TOTAL,2524515,338093513,132345428175,29441989743,391.4,391.4,87.1,e2a74b9
East Asia,HKG,Hong Kong,RES,35438,521597734,1095355241072,194076450412,2100.0,2100.0,372.1,e2a74b9
East Asia,HKG,Hong Kong,COM,5238,63870406,153288975632,38322243744,2400.0,2400.0,600.0,e2a74b9
East Asia,HKG,Hong Kong,IND,1056,1854610,3523759919,1183027073,1900.0,1900.0,637.9,e2a74b9
East Asia,HKG,Hong Kong,TOTAL,41732,587322750,1252167976623,233581721229,2132.0,2132.0,397.7,e2a74b9
Europe,HUN,Hungary,RES,2885173,363107012,333984493073,59164444941,919.8,919.8,162.9,e2a74b9
Europe,HUN,Hungary,COM,93202,70959499,71914990433,17420822694,1013.5,1013.5,245.5,e2a74b9
Europe,HUN,Hungary,IND,72076,95573897,74547639690,33482382880,780.0,780.0,350.3,e2a74b9
Europe,HUN,Hungary,TOTAL,3050451,529640408,480447123196,110067650515,907.1,907.1,207.8,e2a74b9
Europe,ISL,Iceland,RES,63368,15437901,47139516914,8687894638,3053.5,3053.5,562.8,e2a74b9
Europe,ISL,Iceland,COM,9121,5592443,19098130658,4830998841,3415.0,3415.0,863.8,e2a74b9
Europe,ISL,Iceland,IND,5753,4464445,11985418400,4821713485,2684.6,2684.6,1080.0,e2a74b9
Europe,ISL,Iceland,TOTAL,78242,25494789,78223065972,18340606964,3068.2,3068.2,719.4,e2a74b9
South Asia,IND,India,RES,232970094,17343250811,2192895773776,388464534934,126.4,126.4,22.4,e2a74b9
South Asia,IND,India,COM,25347181,1857282621,568719850236,158002493455,306.2,306.2,85.1,e2a74b9
South Asia,IND,India,IND,5173641,538627096,127421027612,53905411814,236.6,236.6,100.1,e2a74b9
South Asia,IND,India,TOTAL,263490916,19739160528,2889036651624,600372440203,146.4,146.4,30.4,e2a74b9
Southeast Asia,IDN,Indonesia,RES,41537890,4677016078,1456120518061,279531243824,311.3,311.3,59.8,e2a74b9
Southeast Asia,IDN,Indonesia,COM,4888356,516620424,248835528686,46652804272,481.7,481.7,90.3,e2a74b9
Southeast Asia,IDN,Indonesia,IND,908453,169773171,79511233820,28639188030,468.3,468.3,168.7,e2a74b9
Southeast Asia,IDN,Indonesia,TOTAL,47334699,5363409673,1784467280567,354823236126,332.7,332.7,66.2,e2a74b9
Middle East,IRN,Iran,RES,15498022,3073181915,670669122173,148645580425,218.2,218.2,48.4,e2a74b9
Middle East,IRN,Iran,COM,1925754,291929207,67143717590,13336637188,230.0,230.0,45.7,e2a74b9
Middle East,IRN,Iran,IND,99733,236143359,54312972584,22316964281,230.0,230.0,94.5,e2a74b9
Middle East,IRN,Iran,TOTAL,17523509,3601254481,792125812347,184299181894,220.0,220.0,51.2,e2a74b9
Middle East,IRQ,Iraq,RES,7052096,901038780,341162044241,68700073996,378.6,378.6,76.2,e2a74b9
Middle East,IRQ,Iraq,COM,427961,125472756,55150742834,11938408115,439.5,439.5,95.1,e2a74b9
Middle East,IRQ,Iraq,IND,61747,25627461,10174104239,3684280842,397.0,397.0,143.8,e2a74b9
Middle East,IRQ,Iraq,TOTAL,7541804,1052138997,406486891314,84322762953,386.3,386.3,80.1,e2a74b9
Europe,IRL,Ireland,RES,2031420,203782979,362892793873,67253570787,1780.8,1780.8,330.0,e2a74b9
Europe,IRL,Ireland,COM,54254,70964737,148824154390,38082410526,2097.2,2097.2,536.6,e2a74b9
Europe,IRL,Ireland,IND,31460,25065407,36587607104,15907686957,1459.7,1459.7,634.6,e2a74b9
Europe,IRL,Ireland,TOTAL,2117134,299813123,548304555367,121243668270,1828.8,1828.8,404.4,e2a74b9
Europe,IMN,Isle of Man,RES,16786,3528609,6387053478,1127127083,1810.1,1810.1,319.4,e2a74b9
Europe,IMN,Isle of Man,COM,3721,1551901,3486105237,871526302,2246.3,2246.3,561.6,e2a74b9
Europe,IMN,Isle of Man,IND,964,289191,474273753,225093496,1640.0,1640.0,778.4,e2a74b9
Europe,IMN,Isle of Man,TOTAL,21471,5369701,10347432468,2223746881,1927.0,1927.0,414.1,e2a74b9
Middle East,ISR,Israel,RES,1122733,345699200,583767112294,104363348207,1688.7,1688.7,301.9,e2a74b9
Middle East,ISR,Israel,COM,146839,75632591,125550101645,22155900278,1660.0,1660.0,292.9,e2a74b9
Middle East,ISR,Israel,IND,65903,27349333,35827626839,12966188669,1310.0,1310.0,474.1,e2a74b9
Middle East,ISR,Israel,TOTAL,1335475,448681124,745144840778,139485437154,1660.7,1660.7,310.9,e2a74b9
Europe,ITA,Italy,RES,12836190,3654616499,5012516822104,886116082249,1371.6,1371.6,242.5,e2a74b9
Europe,ITA,Italy,COM,486724,261612244,403425042269,98249400475,1542.1,1542.1,375.6,e2a74b9
Europe,ITA,Italy,IND,299348,907178593,861093920384,319955009002,949.2,949.2,352.7,e2a74b9
Europe,ITA,Italy,TOTAL,13622262,4823407336,6277035784757,1304320491726,1301.4,1301.4,270.4,e2a74b9
Caribbean Central America,JAM,Jamaica,RES,940216,92412248,65285249730,12992153683,706.5,706.5,140.6,e2a74b9
Caribbean Central America,JAM,Jamaica,COM,62149,14931359,13051022558,2753844658,874.1,874.1,184.4,e2a74b9
Caribbean Central America,JAM,Jamaica,IND,15295,10085189,7463039945,2765190978,740.0,740.0,274.2,e2a74b9
Caribbean Central America,JAM,Jamaica,TOTAL,1017660,117428796,85799312233,18511189319,730.6,730.6,157.6,e2a74b9
East Asia,JPN,Japan,RES,36298570,5986763850,10787105729909,2511820615877,1801.8,1801.8,419.6,e2a74b9
East Asia,JPN,Japan,COM,821466,1237951149,2788142203877,697035550889,2252.2,2252.2,563.1,e2a74b9
East Asia,JPN,Japan,IND,426640,686837145,1520494125689,599032826666,2213.8,2213.8,872.2,e2a74b9
East Asia,JPN,Japan,TOTAL,37546676,7911552144,15095742059475,3807888993432,1908.1,1908.1,481.3,e2a74b9
Middle East,JOR,Jordan,RES,1292001,361970581,260099524789,49693547868,718.6,718.6,137.3,e2a74b9
Middle East,JOR,Jordan,COM,117003,38398753,29498259038,6614625008,768.2,768.2,172.3,e2a74b9
Middle East,JOR,Jordan,IND,19307,8001085,5640677763,2040491647,705.0,705.0,255.0,e2a74b9
Middle East,JOR,Jordan,TOTAL,1428311,408370419,295238461590,58348664523,723.0,723.0,142.9,e2a74b9
Central Asia,KAZ,Kazakhstan,RES,2681948,382745986,207231056955,44157271872,541.4,541.4,115.4,e2a74b9
Central Asia,KAZ,Kazakhstan,COM,218953,36762211,21714622367,5514330920,590.7,590.7,150.0,e2a74b9
Central Asia,KAZ,Kazakhstan,IND,50336,10727692,5594144714,2234704193,521.5,521.5,208.3,e2a74b9
Central Asia,KAZ,Kazakhstan,TOTAL,2951237,430235889,234539824036,51906306985,545.1,545.1,120.6,e2a74b9
Africa,KEN,Kenya,RES,17156908,1325995771,209322974335,40262090489,157.9,157.9,30.4,e2a74b9
Africa,KEN,Kenya,COM,198795,37431263,9459185921,2828190561,252.7,252.7,75.6,e2a74b9
Africa,KEN,Kenya,IND,27379,7696083,2240323348,910581154,291.1,291.1,118.3,e2a74b9
Africa,KEN,Kenya,TOTAL,17383082,1371123117,221022483604,44000862204,161.2,161.2,32.1,e2a74b9
Oceania,KIR,Kiribati,RES,55974,1738046,2030694079,507673520,1168.4,1168.4,292.1,e2a74b9
Oceania,KIR,Kiribati,COM,1243,116636,61192185,16718456,524.6,524.6,143.3,e2a74b9
Oceania,KIR,Kiribati,IND,135,11792,4082903,1757370,346.2,346.2,149.0,e2a74b9
Oceania,KIR,Kiribati,TOTAL,57352,1866474,2095969167,526149346,1123.0,1123.0,281.9,e2a74b9
Europe,XKX,Kosovo,RES,291607,38930356,16233758933,2864780985,417.0,417.0,73.6,e2a74b9
Europe,XKX,Kosovo,COM,41655,7366531,4098813314,984354906,556.4,556.4,133.6,e2a74b9
Europe,XKX,Kosovo,IND,9426,6445308,3069303294,1262277959,476.2,476.2,195.8,e2a74b9
Europe,XKX,Kosovo,TOTAL,342688,52742195,23401875541,5111413850,443.7,443.7,96.9,e2a74b9
Middle East,KWT,Kuwait,RES,673052,145938694,86839283396,15384165024,595.0,595.0,105.4,e2a74b9
Middle East,KWT,Kuwait,COM,58467,22368081,14000988149,2684057897,625.9,625.9,120.0,e2a74b9
Middle East,KWT,Kuwait,IND,7013,4822107,2189236434,793121811,454.0,454.0,164.5,e2a74b9
Middle East,KWT,Kuwait,TOTAL,738532,173128882,103029507979,18861344732,595.1,595.1,108.9,e2a74b9
Central Asia,KGZ,Kyrgyzstan,RES,843633,128201970,31772075702,5684449554,247.8,247.8,44.3,e2a74b9
Central Asia,KGZ,Kyrgyzstan,COM,78471,29647525,11228079000,2544712216,378.7,378.7,85.8,e2a74b9
Central Asia,KGZ,Kyrgyzstan,IND,21260,1946990,824732000,281123714,423.6,423.6,144.4,e2a74b9
Central Asia,KGZ,Kyrgyzstan,TOTAL,943364,159796485,43824886702,8510285484,274.3,274.3,53.3,e2a74b9
Southeast Asia,LAO,Laos,RES,1382929,101499904,17436727524,3978610073,171.8,171.8,39.2,e2a74b9
Southeast Asia,LAO,Laos,COM,299469,20098349,8381419272,1917730687,417.0,417.0,95.4,e2a74b9
Southeast Asia,LAO,Laos,IND,86982,13126724,4455435598,1692862606,339.4,339.4,129.0,e2a74b9
Southeast Asia,LAO,Laos,TOTAL,1769380,134724977,30273582394,7589203366,224.7,224.7,56.3,e2a74b9
Europe,LVA,Latvia,RES,379936,64835814,72405415772,13898863067,1116.8,1116.8,214.4,e2a74b9
Europe,LVA,Latvia,COM,22097,14674547,16723189518,4412759000,1139.6,1139.6,300.7,e2a74b9
Europe,LVA,Latvia,IND,14043,22040821,18500300279,8066488195,839.4,839.4,366.0,e2a74b9
Europe,LVA,Latvia,TOTAL,416076,101551182,107628905569,26378110262,1059.8,1059.8,259.8,e2a74b9
Middle East,LBN,Lebanon,RES,487977,184301734,156687411617,29676634966,850.2,850.2,161.0,e2a74b9
Middle East,LBN,Lebanon,COM,76902,27807006,23741352963,5135414742,853.8,853.8,184.7,e2a74b9
Middle East,LBN,Lebanon,IND,13268,5498534,4886785136,1770376872,888.7,888.7,322.0,e2a74b9
Middle East,LBN,Lebanon,TOTAL,578147,217607274,185315549716,36582426580,851.6,851.6,168.1,e2a74b9
Africa,LSO,Lesotho,RES,599546,50717187,10400672815,1860520251,205.1,205.1,36.7,e2a74b9
Africa,LSO,Lesotho,COM,9759,1794529,597275732,174388392,332.8,332.8,97.2,e2a74b9
Africa,LSO,Lesotho,IND,2798,773964,244887286,97600021,316.4,316.4,126.1,e2a74b9
Africa,LSO,Lesotho,TOTAL,612103,53285680,11242835833,2132508664,211.0,211.0,40.0,e2a74b9
Africa,LBR,Liberia,RES,1085700,82618610,20555407677,4226117775,248.8,248.8,51.2,e2a74b9
Africa,LBR,Liberia,COM,44835,8248400,3907067023,1075142795,473.7,473.7,130.3,e2a74b9
Africa,LBR,Liberia,IND,9119,2575824,959953594,341304651,372.7,372.7,132.5,e2a74b9
Africa,LBR,Liberia,TOTAL,1139654,93442834,25422428294,5642565221,272.1,272.1,60.4,e2a74b9
Africa,LBY,Libya,RES,1201964,111990502,22836959530,4780525026,203.9,203.9,42.7,e2a74b9
Africa,LBY,Libya,COM,49741,11117530,3602204655,865925620,324.0,324.0,77.9,e2a74b9
Africa,LBY,Libya,IND,25374,7219874,1897552548,685574668,262.8,262.8,95.0,e2a74b9
Africa,LBY,Libya,TOTAL,1277079,130327906,28336716733,6332025314,217.4,217.4,48.6,e2a74b9
Europe,LIE,Liechtenstein,RES,14212,1856240,5197471430,962692882,2800.0,2800.0,518.6,e2a74b9
Europe,LIE,Liechtenstein,COM,3539,2235652,6259825116,1404128566,2800.0,2800.0,628.1,e2a74b9
Europe,LIE,Liechtenstein,IND,675,444027,888053000,390541344,2000.0,2000.0,879.5,e2a74b9
Europe,LIE,Liechtenstein,TOTAL,18426,4535919,12345349546,2757362792,2721.7,2721.7,607.9,e2a74b9
Europe,LTU,Lithuania,RES,574630,82742266,85596845397,16644085803,1034.5,1034.5,201.2,e2a74b9
Europe,LTU,Lithuania,COM,77787,35735774,39762901951,10882133421,1112.7,1112.7,304.5,e2a74b9
Europe,LTU,Lithuania,IND,23668,53537646,44311769869,19468260065,827.7,827.7,363.6,e2a74b9
Europe,LTU,Lithuania,TOTAL,676085,172015686,169671517217,46994479289,986.4,986.4,273.2,e2a74b9
Europe,LUX,Luxembourg,RES,145186,31641981,78061964381,14514988304,2467.0,2467.0,458.7,e2a74b9
Europe,LUX,Luxembourg,COM,11178,13458888,30139495094,8000339326,2239.4,2239.4,594.4,e2a74b9
Europe,LUX,Luxembourg,IND,2411,5790810,8658582938,3805843092,1495.2,1495.2,657.2,e2a74b9
Europe,LUX,Luxembourg,TOTAL,158775,50891679,116860042413,26321170722,2296.3,2296.3,517.2,e2a74b9
East Asia,MAC,Macao,RES,3498,63569467,95345683478,17065573993,1499.9,1499.9,268.5,e2a74b9
East Asia,MAC,Macao,COM,928,11677826,19852304348,4963076086,1700.0,1700.0,425.0,e2a74b9
East Asia,MAC,Macao,IND,607,275047,330056674,110018891,1200.0,1200.0,400.0,e2a74b9
East Asia,MAC,Macao,TOTAL,5033,75522340,115528044500,22138668970,1529.7,1529.7,293.1,e2a74b9
Africa,MDG,Madagascar,RES,7227490,567413225,69943080767,13341100743,123.3,123.3,23.5,e2a74b9
Africa,MDG,Madagascar,COM,237727,45488044,12617614927,3730686883,277.4,277.4,82.0,e2a74b9
Africa,MDG,Madagascar,IND,82264,23438385,6358531556,2445083097,271.3,271.3,104.3,e2a74b9
Africa,MDG,Madagascar,TOTAL,7547481,636339654,88919227250,19516870723,139.7,139.7,30.7,e2a74b9
Africa,MWI,Malawi,RES,4718005,379177485,33091038254,6085725066,87.3,87.3,16.0,e2a74b9
Africa,MWI,Malawi,COM,48194,8893030,1961081798,526891865,220.5,220.5,59.2,e2a74b9
Africa,MWI,Malawi,IND,13504,3846526,1075444331,358481437,279.6,279.6,93.2,e2a74b9
Africa,MWI,Malawi,TOTAL,4779703,391917041,36127564383,6971098368,92.2,92.2,17.8,e2a74b9
Southeast Asia,MYS,Malaysia,RES,7641556,1022745876,339305886753,66022448669,331.8,331.8,64.6,e2a74b9
Southeast Asia,MYS,Malaysia,COM,596049,81017238,36750761972,7550359917,453.6,453.6,93.2,e2a74b9
Southeast Asia,MYS,Malaysia,IND,104587,36586601,13737927550,5005895832,375.5,375.5,136.8,e2a74b9
Southeast Asia,MYS,Malaysia,TOTAL,8342192,1140349715,389794576275,78578704418,341.8,341.8,68.9,e2a74b9
Africa,MLI,Mali,RES,4051341,330354547,39788702118,7081012049,120.4,120.4,21.4,e2a74b9
Africa,MLI,Mali,COM,81174,14990263,2586698610,790736077,172.6,172.6,52.7,e2a74b9
Africa,MLI,Mali,IND,18151,5173362,1390892346,534458166,268.9,268.9,103.3,e2a74b9
Africa,MLI,Mali,TOTAL,4150666,350518172,43766293074,8406206292,124.9,124.9,24.0,e2a74b9
Europe,MLT,Malta,RES,97670,25038896,30731539167,5423212795,1227.4,1227.4,216.6,e2a74b9
Europe,MLT,Malta,COM,14415,2526534,3038758763,759689692,1202.7,1202.7,300.7,e2a74b9
Europe,MLT,Malta,IND,10844,5198954,5422061285,2299199463,1042.9,1042.9,442.2,e2a74b9
Europe,MLT,Malta,TOTAL,122929,32764384,39192359215,8482101950,1196.2,1196.2,258.9,e2a74b9
Oceania,MHL,Marshall Islands,RES,9897,879200,959159431,239789860,1090.9,1090.9,272.7,e2a74b9
Oceania,MHL,Marshall Islands,COM,512,182239,138934633,37951103,762.4,762.4,208.2,e2a74b9
Oceania,MHL,Marshall Islands,IND,135,30783,23948499,8918415,778.0,778.0,289.7,e2a74b9
Oceania,MHL,Marshall Islands,TOTAL,10544,1092222,1122042563,286659378,1027.3,1027.3,262.5,e2a74b9
Caribbean Central America,MTQ,Martinique,RES,106149,27113924,42081880955,7753407843,1552.0,1552.0,286.0,e2a74b9
Caribbean Central America,MTQ,Martinique,COM,4969,2882569,5051957905,1026420523,1752.6,1752.6,356.1,e2a74b9
Caribbean Central America,MTQ,Martinique,IND,1375,673154,955878767,377671854,1420.0,1420.0,561.0,e2a74b9
Caribbean Central America,MTQ,Martinique,TOTAL,112493,30669647,48089717627,9157500220,1568.0,1568.0,298.6,e2a74b9
Africa,MRT,Mauritania,RES,1276430,103702943,27153506624,5046766283,261.8,261.8,48.7,e2a74b9
Africa,MRT,Mauritania,COM,37349,7156530,2585021116,692673229,361.2,361.2,96.8,e2a74b9
Africa,MRT,Mauritania,IND,14168,4028275,1164179774,397861523,289.0,289.0,98.8,e2a74b9
Africa,MRT,Mauritania,TOTAL,1327947,114887748,30902707514,6137301035,269.0,269.0,53.4,e2a74b9
Africa,MUS,Mauritius,RES,336759,28294296,10871282850,2241814490,384.2,384.2,79.2,e2a74b9
Africa,MUS,Mauritius,COM,12731,2610375,1304455207,339611937,499.7,499.7,130.1,e2a74b9
Africa,MUS,Mauritius,IND,5308,1503114,644143752,230635941,428.5,428.5,153.4,e2a74b9
Africa,MUS,Mauritius,TOTAL,354798,32407785,12819881809,2812062368,395.6,395.6,86.8,e2a74b9
North America,MEX,Mexico,RES,18462206,4825109100,3514568795800,656739548607,728.4,728.4,136.1,e2a74b9
North America,MEX,Mexico,COM,4709893,920564517,711222849299,177805709698,772.6,772.6,193.1,e2a74b9
North America,MEX,Mexico,IND,677797,196876428,138995605306,49069404491,706.0,706.0,249.2,e2a74b9
North America,MEX,Mexico,TOTAL,23849896,5942550045,4364787250405,883614662796,734.5,734.5,148.7,e2a74b9
Europe,MDA,Moldova,RES,813625,84590791,38386143504,6774025332,453.8,453.8,80.1,e2a74b9
Europe,MDA,Moldova,COM,20100,4693001,2469478034,528135958,526.2,526.2,112.5,e2a74b9
Europe,MDA,Moldova,IND,4103,9655460,5489980803,2236691319,568.6,568.6,231.7,e2a74b9
Europe,MDA,Moldova,TOTAL,837828,98939252,46345602341,9538852609,468.4,468.4,96.4,e2a74b9
Europe,MCO,Monaco,RES,9189,2117678,7411874225,1307977806,3500.0,3500.0,617.6,e2a74b9
Europe,MCO,Monaco,COM,793,619828,2231380404,557845101,3600.0,3600.0,900.0,e2a74b9
Europe,MCO,Monaco,IND,168,114652,286629125,121978040,2500.0,2500.0,1063.9,e2a74b9
Europe,MCO,Monaco,TOTAL,10150,2852158,9929883754,1987800947,3481.5,3481.5,696.9,e2a74b9
North Asia,MNG,Mongolia,RES,487058,31566293,12784546642,2985182328,405.0,405.0,94.6,e2a74b9
North Asia,MNG,Mongolia,COM,31361,3784237,2062317268,556777449,545.0,545.0,147.1,e2a74b9
North Asia,MNG,Mongolia,IND,10359,1593970,635702329,318570567,398.8,398.8,199.9,e2a74b9
North Asia,MNG,Mongolia,TOTAL,528778,36944500,15482566239,3860530344,419.1,419.1,104.5,e2a74b9
Europe,MNE,Montenegro,RES,168343,20428859,14370756631,2536015883,703.5,703.5,124.1,e2a74b9
Europe,MNE,Montenegro,COM,12115,7119297,5960035571,1404026543,837.2,837.2,197.2,e2a74b9
Europe,MNE,Montenegro,IND,2669,2973469,1930128924,744509720,649.1,649.1,250.4,e2a74b9
Europe,MNE,Montenegro,TOTAL,183127,30521625,22260921126,4684552146,729.3,729.3,153.5,e2a74b9
Caribbean Central America,MSR,Montserrat,RES,7765,2136211,1536985601,284604157,719.5,719.5,133.2,e2a74b9
Caribbean Central America,MSR,Montserrat,COM,1031,226977,252929795,51194100,1114.3,1114.3,225.5,e2a74b9
Caribbean Central America,MSR,Montserrat,IND,73,38354,34518472,14095992,900.0,900.0,367.5,e2a74b9
Caribbean Central America,MSR,Montserrat,TOTAL,8869,2401542,1824433868,349894249,759.7,759.7,145.7,e2a74b9
Africa,MAR,Morocco,RES,8617733,777671223,240939402344,42651670833,309.8,309.8,54.8,e2a74b9
Africa,MAR,Morocco,COM,187254,39167165,17567732515,4408073842,448.5,448.5,112.5,e2a74b9
Africa,MAR,Morocco,IND,111451,31755847,12877286980,4702663734,405.5,405.5,148.1,e2a74b9
Africa,MAR,Morocco,TOTAL,8916438,848594235,271384421839,51762408409,319.8,319.8,61.0,e2a74b9
Africa,MOZ,Mozambique,RES,7560519,594947788,97239781971,18747768029,163.4,163.4,31.5,e2a74b9
Africa,MOZ,Mozambique,COM,160351,28779743,9068880252,2547076127,315.1,315.1,88.5,e2a74b9
Africa,MOZ,Mozambique,IND,61834,17628163,6169733923,2056577985,350.0,350.0,116.7,e2a74b9
Africa,MOZ,Mozambique,TOTAL,7782704,641355694,112478396146,23351422141,175.4,175.4,36.4,e2a74b9
Southeast Asia,MMR,Myanmar,RES,12629519,691370098,91907415298,20898492068,132.9,132.9,30.2,e2a74b9
Southeast Asia,MMR,Myanmar,COM,81007,18790097,13206901650,2555730189,702.9,702.9,136.0,e2a74b9
Southeast Asia,MMR,Myanmar,IND,70343,19377519,3054466834,1114169601,157.6,157.6,57.5,e2a74b9
Southeast Asia,MMR,Myanmar,TOTAL,12780869,729537714,108168783782,24568391858,148.3,148.3,33.7,e2a74b9
Africa,NAM,Namibia,RES,685853,53073090,14775086481,2768113522,278.4,278.4,52.2,e2a74b9
Africa,NAM,Namibia,COM,27475,5541648,2817800426,782919814,508.5,508.5,141.3,e2a74b9
Africa,NAM,Namibia,IND,7970,2259759,939652143,360238591,415.8,415.8,159.4,e2a74b9
Africa,NAM,Namibia,TOTAL,721298,60874497,18532539050,3911271927,304.4,304.4,64.3,e2a74b9
Oceania,NRU,Nauru,RES,2829,414912,428678408,107169602,1033.2,1033.2,258.3,e2a74b9
Oceania,NRU,Nauru,COM,229,84786,97379183,27426905,1148.5,1148.5,323.5,e2a74b9
Oceania,NRU,Nauru,IND,139,43696,43031580,16434121,984.8,984.8,376.1,e2a74b9
Oceania,NRU,Nauru,TOTAL,3197,543394,569089171,151030628,1047.3,1047.3,277.9,e2a74b9
South Asia,NPL,Nepal,RES,5992621,784104802,193917880377,34519412423,247.3,247.3,44.0,e2a74b9
South Asia,NPL,Nepal,COM,106947,14019460,11145254351,2319967815,795.0,795.0,165.5,e2a74b9
South Asia,NPL,Nepal,IND,109377,22178693,8645797289,2881932427,389.8,389.8,129.9,e2a74b9
South Asia,NPL,Nepal,TOTAL,6208945,820302955,213708932017,39721312665,260.5,260.5,48.4,e2a74b9
Europe,NLD,Netherlands,RES,5275364,1041830053,1847260650808,329535954244,1773.1,1773.1,316.3,e2a74b9
Europe,NLD,Netherlands,COM,284133,196692696,314894922314,78723730574,1600.9,1600.9,400.2,e2a74b9
Europe,NLD,Netherlands,IND,137885,286801144,365792135880,169467212109,1275.4,1275.4,590.9,e2a74b9
Europe,NLD,Netherlands,TOTAL,5697382,1525323893,2527947709002,577726896927,1657.3,1657.3,378.8,e2a74b9
Oceania,NCL,New Caledonia,RES,63386,7401071,11996255525,2210665792,1620.9,1620.9,298.7,e2a74b9
Oceania,NCL,New Caledonia,COM,5487,980534,1736947544,360942161,1771.4,1771.4,368.1,e2a74b9
Oceania,NCL,New Caledonia,IND,591,81505,130408685,51333168,1600.0,1600.0,629.8,e2a74b9
Oceania,NCL,New Caledonia,TOTAL,69464,8463110,13863611754,2622941121,1638.1,1638.1,309.9,e2a74b9
Oceania,NZL,New Zealand,RES,1804265,374738664,679325907358,164004061499,1812.8,1812.8,437.6,e2a74b9
Oceania,NZL,New Zealand,NONRES,739879,189483248,396955123314,114643663795,2094.9,2094.9,605.0,e2a74b9
Oceania,NZL,New Zealand,TOTAL,2544144,564221912,1076281030672,278647725294,1907.5,1907.5,493.9,e2a74b9
Caribbean Central America,NIC,Nicaragua,RES,1367118,106255257,35124445324,7425425662,330.6,330.6,69.9,e2a74b9
Caribbean Central America,NIC,Nicaragua,COM,128952,16544372,8461925218,2256188770,511.5,511.5,136.4,e2a74b9
Caribbean Central America,NIC,Nicaragua,IND,37901,13618197,5583460651,2072533944,410.0,410.0,152.2,e2a74b9
Caribbean Central America,NIC,Nicaragua,TOTAL,1533971,136417826,49169831193,11754148376,360.4,360.4,86.2,e2a74b9
Africa,NER,Niger,RES,4524090,355620627,33583923773,6794016931,94.4,94.4,19.1,e2a74b9
Africa,NER,Niger,COM,81666,15132334,2976806818,867055339,196.7,196.7,57.3,e2a74b9
Africa,NER,Niger,IND,23579,6708956,1511555903,516450192,225.3,225.3,77.0,e2a74b9
Africa,NER,Niger,TOTAL,4629335,377461917,38072286494,8177522462,100.9,100.9,21.7,e2a74b9
Africa,NGA,Nigeria,RES,48979689,3835759268,748393390866,143547421590,195.1,195.1,37.4,e2a74b9
Africa,NGA,Nigeria,COM,1107329,212999897,47865493936,12308714274,224.7,224.7,57.8,e2a74b9
Africa,NGA,Nigeria,IND,221572,63138175,19768016761,6700410558,313.1,313.1,106.1,e2a74b9
Africa,NGA,Nigeria,TOTAL,50308590,4111897340,816026901563,162556546422,198.5,198.5,39.5,e2a74b9
Oceania,NIU,Niue,RES,1430,166644,241261123,60315278,1447.8,1447.8,361.9,e2a74b9
Oceania,NIU,Niue,COM,89,19550,26490000,7893750,1355.0,1355.0,403.8,e2a74b9
Oceania,NIU,Niue,IND,10,3500,2761250,1250416,788.9,788.9,357.3,e2a74b9
Oceania,NIU,Niue,TOTAL,1529,189694,270512373,69459444,1426.0,1426.0,366.2,e2a74b9
East Asia,PRK,North Korea,RES,2722677,493359350,99818046311,17892861144,202.3,202.3,36.3,e2a74b9
East Asia,PRK,North Korea,COM,66675,19089931,5008814682,883908472,262.4,262.4,46.3,e2a74b9
East Asia,PRK,North Korea,IND,10525,14478972,3902754282,1300918092,269.5,269.5,89.8,e2a74b9
East Asia,PRK,North Korea,TOTAL,2799877,526928253,108729615275,20077687708,206.3,206.3,38.1,e2a74b9
Europe,MKD,North Macedonia,RES,549585,62326932,24408604290,4307400753,391.6,391.6,69.1,e2a74b9
Europe,MKD,North Macedonia,COM,42509,14692317,7933851048,1836874806,540.0,540.0,125.0,e2a74b9
Europe,MKD,North Macedonia,IND,13290,11301328,4282202816,1682451260,378.9,378.9,148.9,e2a74b9
Europe,MKD,North Macedonia,TOTAL,605384,88320577,36624658154,7826726819,414.7,414.7,88.6,e2a74b9
Oceania,MNP,Northern Mariana Islands,RES,7424,2038269,3689324451,1844644692,1810.0,1810.0,905.0,e2a74b9
Oceania,MNP,Northern Mariana Islands,COM,1251,713454,1337382516,1337382516,1874.5,1874.5,1874.5,e2a74b9
Oceania,MNP,Northern Mariana Islands,IND,787,424814,896959273,1345447776,2111.4,2111.4,3167.1,e2a74b9
Oceania,MNP,Northern Mariana Islands,TOTAL,9462,3176537,5923666240,4527474984,1864.8,1864.8,1425.3,e2a74b9
Europe,NOR,Norway,RES,1661741,346497835,1073371365387,229764550136,3097.8,3097.8,663.1,e2a74b9
Europe,NOR,Norway,COM,129934,50335157,150667466157,42781914577,2993.3,2993.3,849.9,e2a74b9
Europe,NOR,Norway,IND,112966,41921269,76592185202,34497726059,1827.0,1827.0,822.9,e2a74b9
Europe,NOR,Norway,TOTAL,1904641,438754261,1300631016746,307044190772,2964.4,2964.4,699.8,e2a74b9
Middle East,OMN,Oman,RES,1296072,220305561,97859066391,17414347970,444.2,444.2,79.0,e2a74b9
Middle East,OMN,Oman,COM,57350,21101997,10304646371,2006612320,488.3,488.3,95.1,e2a74b9
Middle East,OMN,Oman,IND,14494,6009653,2103378530,761236255,350.0,350.0,126.7,e2a74b9
Middle East,OMN,Oman,TOTAL,1367916,247417211,110267091292,20182196545,445.7,445.7,81.6,e2a74b9
South Asia,PAK,Pakistan,RES,35369084,2972152002,595524207614,106362566132,200.4,200.4,35.8,e2a74b9
South Asia,PAK,Pakistan,COM,2724216,324734092,79933705336,19415756881,246.2,246.2,59.8,e2a74b9
South Asia,PAK,Pakistan,IND,827385,267039310,38794646129,12931548699,145.3,145.3,48.4,e2a74b9
South Asia,PAK,Pakistan,TOTAL,38920685,3563925404,714252559079,138709871712,200.4,200.4,38.9,e2a74b9
Oceania,PLW,Palau,RES,8994,1249403,1477457195,333435880,1182.5,1182.5,266.9,e2a74b9
Oceania,PLW,Palau,COM,671,387777,491370193,129817752,1267.1,1267.1,334.8,e2a74b9
Oceania,PLW,Palau,IND,42,20000,25039898,9965888,1252.0,1252.0,498.3,e2a74b9
Oceania,PLW,Palau,TOTAL,9707,1657180,1993867286,473219520,1203.2,1203.2,285.6,e2a74b9
Middle East,PSE,Palestine,RES,550270,202938346,120493566549,21681595779,593.7,593.7,106.8,e2a74b9
Middle East,PSE,Palestine,COM,49237,11782389,7782694534,1495528570,660.5,660.5,126.9,e2a74b9
Middle East,PSE,Palestine,IND,20612,2492709,1561992447,626401197,626.6,626.6,251.3,e2a74b9
Middle East,PSE,Palestine,TOTAL,620119,217213444,129838253530,23803525546,597.7,597.7,109.6,e2a74b9
Caribbean Central America,PAN,Panama,RES,1089366,147704569,111601456206,21787612216,755.6,755.6,147.5,e2a74b9
Caribbean Central America,PAN,Panama,COM,46974,22210553,19107003201,3911610104,860.3,860.3,176.1,e2a74b9
Caribbean Central America,PAN,Panama,IND,10112,13306903,8649487050,3216941346,650.0,650.0,241.7,e2a74b9
Caribbean Central America,PAN,Panama,TOTAL,1146452,183222025,139357946457,28916163666,760.6,760.6,157.8,e2a74b9
Oceania,PNG,Papua New Guinea,RES,2408154,153437378,57290166772,12869616893,373.4,373.4,83.9,e2a74b9
Oceania,PNG,Papua New Guinea,COM,138549,12043812,12089060960,2873729657,1003.8,1003.8,238.6,e2a74b9
Oceania,PNG,Papua New Guinea,IND,7661,953781,1443311530,557712740,1513.3,1513.3,584.7,e2a74b9
Oceania,PNG,Papua New Guinea,TOTAL,2554364,166434971,70822539262,16301059290,425.5,425.5,97.9,e2a74b9
South America,PRY,Paraguay,RES,828399,98074221,37787218400,7175600527,385.3,385.3,73.2,e2a74b9
South America,PRY,Paraguay,COM,67785,12997688,6577796350,1244948231,506.1,506.1,95.8,e2a74b9
South America,PRY,Paraguay,IND,45522,12581274,4766342146,1654828667,378.8,378.8,131.5,e2a74b9
South America,PRY,Paraguay,TOTAL,941706,123653183,49131356896,10075377425,397.3,397.3,81.5,e2a74b9
South America,PER,Peru,RES,7796134,954110259,499046975980,97244708783,523.0,523.0,101.9,e2a74b9
South America,PER,Peru,COM,753469,284032997,169553124373,31777881191,596.9,596.9,111.9,e2a74b9
South America,PER,Peru,IND,153196,48269178,28699682448,10337272765,594.6,594.6,214.2,e2a74b9
South America,PER,Peru,TOTAL,8702799,1286412434,697299782801,139359862739,542.0,542.0,108.3,e2a74b9
Southeast Asia,PHL,Philippines,RES,26925047,1395602265,411184341227,78679209853,294.6,294.6,56.4,e2a74b9
Southeast Asia,PHL,Philippines,COM,734684,55713307,24583868036,6017097488,441.3,441.3,108.0,e2a74b9
Southeast Asia,PHL,Philippines,IND,150296,13558765,5522776864,1847384765,407.3,407.3,136.3,e2a74b9
Southeast Asia,PHL,Philippines,TOTAL,27810027,1464874337,441290986127,86543692106,301.2,301.2,59.1,e2a74b9
Europe,POL,Poland,RES,7150999,983892553,1053227238328,188405517071,1070.5,1070.5,191.5,e2a74b9
Europe,POL,Poland,COM,603770,265232317,282656162184,71334309479,1065.7,1065.7,269.0,e2a74b9
Europe,POL,Poland,IND,202868,282318203,225424356401,98620702087,798.5,798.5,349.3,e2a74b9
Europe,POL,Poland,TOTAL,7957637,1531443073,1561307756913,358360528637,1019.5,1019.5,234.0,e2a74b9
Europe,PRT,Portugal,RES,3761340,744086793,952404527833,168141494272,1280.0,1280.0,226.0,e2a74b9
Europe,PRT,Portugal,COM,237103,85562997,99911447985,24977862015,1167.7,1167.7,291.9,e2a74b9
Europe,PRT,Portugal,IND,130372,76452944,59837946709,25314730945,782.7,782.7,331.1,e2a74b9
Europe,PRT,Portugal,TOTAL,4128815,906102734,1112153922527,218434087232,1227.4,1227.4,241.1,e2a74b9
Caribbean Central America,PRI,Puerto Rico,RES,1397667,298629452,512374212765,256185342123,1715.8,1715.8,857.9,e2a74b9
Caribbean Central America,PRI,Puerto Rico,COM,4268,6195644,11268398880,11268398880,1818.8,1818.8,1818.8,e2a74b9
Caribbean Central America,PRI,Puerto Rico,IND,624,1461406,2056133898,2572416689,1407.0,1407.0,1760.2,e2a74b9
Caribbean Central America,PRI,Puerto Rico,TOTAL,1402559,306286502,525698745543,270026157692,1716.4,1716.4,881.6,e2a74b9
Middle East,QAT,Qatar,RES,321067,98053554,115882685260,20551161153,1181.8,1181.8,209.6,e2a74b9
Middle East,QAT,Qatar,COM,19791,8347583,11178246504,2153534928,1339.1,1339.1,258.0,e2a74b9
Middle East,QAT,Qatar,IND,13108,9009077,8540624454,3094198803,948.0,948.0,343.5,e2a74b9
Middle East,QAT,Qatar,TOTAL,353966,115410214,135601556218,25798894884,1175.0,1175.0,223.5,e2a74b9
Europe,ROU,Romania,RES,6066704,623322244,330823331458,60762337774,530.7,530.7,97.5,e2a74b9
Europe,ROU,Romania,COM,200444,41768716,30446493818,6867328182,728.9,728.9,164.4,e2a74b9
Europe,ROU,Romania,IND,81727,119300759,66808424960,24984718193,560.0,560.0,209.4,e2a74b9
Europe,ROU,Romania,TOTAL,6348875,784391719,428078250236,92614384149,545.7,545.7,118.1,e2a74b9
North Asia,RUS,Russia,RES,16665084,5840660672,2936444043346,554143699364,502.8,502.8,94.9,e2a74b9
North Asia,RUS,Russia,COM,1643355,592913385,312123754827,78226964639,526.4,526.4,131.9,e2a74b9
North Asia,RUS,Russia,IND,895677,358242507,190943983423,83038197874,533.0,533.0,231.8,e2a74b9
North Asia,RUS,Russia,TOTAL,19204116,6791816564,3439511781596,715408861877,506.4,506.4,105.3,e2a74b9
Africa,RWA,Rwanda,RES,3622652,286019141,24680570932,5204956385,86.3,86.3,18.2,e2a74b9
Africa,RWA,Rwanda,COM,55763,10266977,1983149701,573187596,193.2,193.2,55.8,e2a74b9
Africa,RWA,Rwanda,IND,13875,3944552,966072475,322756791,244.9,244.9,81.8,e2a74b9
Africa,RWA,Rwanda,TOTAL,3692290,300230670,27629793108,6100900772,92.0,92.0,20.3,e2a74b9
Caribbean Central America,KNA,Saint Kitts and Nevis,RES,16515,5753488,5167008150,938126221,898.1,898.1,163.1,e2a74b9
Caribbean Central America,KNA,Saint Kitts and Nevis,COM,1174,303914,295453842,70906801,972.2,972.2,233.3,e2a74b9
Caribbean Central America,KNA,Saint Kitts and Nevis,IND,427,285257,231057965,93030550,810.0,810.0,326.1,e2a74b9
Caribbean Central America,KNA,Saint Kitts and Nevis,TOTAL,18116,6342659,5693519957,1102063572,897.7,897.7,173.8,e2a74b9
Caribbean Central America,LCA,Saint Lucia,RES,54411,13783322,11431143021,2053736028,829.3,829.3,149.0,e2a74b9
Caribbean Central America,LCA,Saint Lucia,COM,2752,792753,835020601,194351502,1053.3,1053.3,245.2,e2a74b9
Caribbean Central America,LCA,Saint Lucia,IND,1491,509660,423017993,165157867,830.0,830.0,324.1,e2a74b9
Caribbean Central America,LCA,Saint Lucia,TOTAL,58654,15085735,12689181615,2413245397,841.1,841.1,160.0,e2a74b9
Caribbean Central America,VCT,Saint Vincent and the Grenadines,RES,31665,9430926,5995069804,1178782175,635.7,635.7,125.0,e2a74b9
Caribbean Central America,VCT,Saint Vincent and the Grenadines,COM,1675,930731,836960681,200108446,899.3,899.3,215.0,e2a74b9
Caribbean Central America,VCT,Saint Vincent and the Grenadines,IND,428,158506,112539435,44313921,710.0,710.0,279.6,e2a74b9
Caribbean Central America,VCT,Saint Vincent and the Grenadines,TOTAL,33768,10520163,6944569920,1423204542,660.1,660.1,135.3,e2a74b9
Oceania,WSM,Samoa,RES,45540,6896273,6127416095,1459531376,888.5,888.5,211.6,e2a74b9
Oceania,WSM,Samoa,COM,5809,1656394,1500867050,425026168,906.1,906.1,256.6,e2a74b9
Oceania,WSM,Samoa,IND,265,144857,146477472,56506034,1011.2,1011.2,390.1,e2a74b9
Oceania,WSM,Samoa,TOTAL,51614,8697524,7774760617,1941063578,893.9,893.9,223.2,e2a74b9
Middle East,SAU,Saudi Arabia,RES,2891113,1101756761,1083193943595,192206454246,983.2,983.2,174.5,e2a74b9
Middle East,SAU,Saudi Arabia,COM,412423,149502658,91940672240,17779887301,615.0,615.0,118.9,e2a74b9
Middle East,SAU,Saudi Arabia,IND,122437,50811149,48168969011,17450000470,948.0,948.0,343.4,e2a74b9
Middle East,SAU,Saudi Arabia,TOTAL,3425973,1302070568,1223303584846,227436342017,939.5,939.5,174.7,e2a74b9
Africa,SEN,Senegal,RES,2011295,172216289,39019587983,6919184753,226.6,226.6,40.2,e2a74b9
Africa,SEN,Senegal,COM,76373,15025121,5468345470,1332702770,363.9,363.9,88.7,e2a74b9
Africa,SEN,Senegal,IND,16938,4819634,1465034836,488344944,304.0,304.0,101.3,e2a74b9
Africa,SEN,Senegal,TOTAL,2104606,192061044,45952968289,8740232467,239.3,239.3,45.5,e2a74b9
Europe,SRB,Serbia,RES,2457587,257127930,149980735736,27290786288,583.3,583.3,106.1,e2a74b9
Europe,SRB,Serbia,COM,47968,38755564,28097797523,6779612203,725.0,725.0,174.9,e2a74b9
Europe,SRB,Serbia,IND,26679,41053705,20891264398,8319820969,508.9,508.9,202.7,e2a74b9
Europe,SRB,Serbia,TOTAL,2532234,336937199,198969797657,42390219460,590.5,590.5,125.8,e2a74b9
Africa,SYC,Seychelles,RES,34463,2634462,1453919631,291786955,551.9,551.9,110.8,e2a74b9
Africa,SYC,Seychelles,COM,1290,206872,133636340,37302918,646.0,646.0,180.3,e2a74b9
Africa,SYC,Seychelles,IND,395,67143,39812982,14220091,593.0,593.0,211.8,e2a74b9
Africa,SYC,Seychelles,TOTAL,36148,2908477,1627368953,343309964,559.5,559.5,118.0,e2a74b9
Africa,SLE,Sierra Leone,RES,1494379,118368575,16357618865,3218635383,138.2,138.2,27.2,e2a74b9
Africa,SLE,Sierra Leone,COM,63550,11952266,2352500124,658303656,196.8,196.8,55.1,e2a74b9
Africa,SLE,Sierra Leone,IND,11098,3162349,806641191,268880395,255.1,255.1,85.0,e2a74b9
Africa,SLE,Sierra Leone,TOTAL,1569027,133483190,19516760180,4145819434,146.2,146.2,31.1,e2a74b9
Southeast Asia,SGP,Singapore,RES,100513,435553222,883770383229,158365327371,2029.1,2029.1,363.6,e2a74b9
Southeast Asia,SGP,Singapore,COM,8024,68201128,147314436536,25996665205,2160.0,2160.0,381.2,e2a74b9
Southeast Asia,SGP,Singapore,IND,9454,58958649,75467070716,25989591157,1280.0,1280.0,440.8,e2a74b9
Southeast Asia,SGP,Singapore,TOTAL,117991,562712999,1106551890481,210351583733,1966.5,1966.5,373.8,e2a74b9
Europe,SVK,Slovakia,RES,1127549,204977750,238709950667,42460524968,1164.6,1164.6,207.1,e2a74b9
Europe,SVK,Slovakia,COM,62733,19001033,21382959738,5115763710,1125.4,1125.4,269.2,e2a74b9
Europe,SVK,Slovakia,IND,82850,76738325,65781698357,28842465368,857.2,857.2,375.9,e2a74b9
Europe,SVK,Slovakia,TOTAL,1273132,300717108,325874608762,76418754046,1083.7,1083.7,254.1,e2a74b9
Europe,SVN,Slovenia,RES,531726,79116464,91183535540,16230706857,1152.5,1152.5,205.1,e2a74b9
Europe,SVN,Slovenia,COM,29951,10425253,12099738038,2911446223,1160.6,1160.6,279.3,e2a74b9
Europe,SVN,Slovenia,IND,23193,14009541,13322166899,5253302241,950.9,950.9,375.0,e2a74b9
Europe,SVN,Slovenia,TOTAL,584870,103551258,116605440477,24395455321,1126.1,1126.1,235.6,e2a74b9
Oceania,SLB,Solomon Islands,RES,163935,17843640,10229115488,2557278868,573.3,573.3,143.3,e2a74b9
Oceania,SLB,Solomon Islands,COM,9695,2991481,3159936676,1004115586,1056.3,1056.3,335.7,e2a74b9
Oceania,SLB,Solomon Islands,IND,2117,1328326,1119288030,571009039,842.6,842.6,429.9,e2a74b9
Oceania,SLB,Solomon Islands,TOTAL,175747,22163447,14508340194,4132403493,654.6,654.6,186.5,e2a74b9
Africa,SOM,Somalia,RES,3303781,240152571,39106458943,7214682194,162.8,162.8,30.0,e2a74b9
Africa,SOM,Somalia,COM,30623,5822441,2080852796,563870229,357.4,357.4,96.8,e2a74b9
Africa,SOM,Somalia,IND,3989,1120531,318780757,120559457,284.5,284.5,107.6,e2a74b9
Africa,SOM,Somalia,TOTAL,3338393,247095543,41506092496,7899111880,168.0,168.0,32.0,e2a74b9
Africa,ZAF,South Africa,RES,18978588,1622929832,616336018184,116540817679,379.8,379.8,71.8,e2a74b9
Africa,ZAF,South Africa,COM,819098,169648406,92483861136,22036582332,545.2,545.2,129.9,e2a74b9
Africa,ZAF,South Africa,IND,317071,90373107,39954089947,14373531480,442.1,442.1,159.0,e2a74b9
Africa,ZAF,South Africa,TOTAL,20114757,1882951345,748773969267,152950931491,397.7,397.7,81.2,e2a74b9
East Asia,KOR,South Korea,RES,6633653,1834341618,2182953626677,416649877417,1190.0,1190.0,227.1,e2a74b9
East Asia,KOR,South Korea,COM,1597541,487702364,654576163126,163644040804,1342.2,1342.2,335.5,e2a74b9
East Asia,KOR,South Korea,IND,492438,338559422,300242597822,112961849503,886.8,886.8,333.7,e2a74b9
East Asia,KOR,South Korea,TOTAL,8723632,2660603404,3137772387625,693255767724,1179.3,1179.3,260.6,e2a74b9
Africa,SSD,South Sudan,RES,2168290,167810654,26327143494,5023127813,156.9,156.9,29.9,e2a74b9
Africa,SSD,South Sudan,COM,51891,9876356,3979359056,1195379679,402.9,402.9,121.0,e2a74b9
Africa,SSD,South Sudan,IND,35042,9984623,5258651750,2013660532,526.7,526.7,201.7,e2a74b9
Africa,SSD,South Sudan,TOTAL,2255223,187671633,35565154300,8232168024,189.5,189.5,43.9,e2a74b9
Europe,ESP,Spain,RES,10099502,2486174426,3115720382928,549833008742,1253.2,1253.2,221.2,e2a74b9
Europe,ESP,Spain,COM,548560,211027561,279184647487,66296570153,1323.0,1323.0,314.2,e2a74b9
Europe,ESP,Spain,IND,227945,324032054,274867515950,125101846161,848.3,848.3,386.1,e2a74b9
Europe,ESP,Spain,TOTAL,10876007,3021234041,3669772546365,741231425056,1214.7,1214.7,245.3,e2a74b9
South Asia,LKA,Sri Lanka,RES,7585872,532022609,91693734502,16220193345,172.3,172.3,30.5,e2a74b9
South Asia,LKA,Sri Lanka,COM,70828,10494264,4889150747,949013915,465.9,465.9,90.4,e2a74b9
South Asia,LKA,Sri Lanka,IND,33801,8827057,2824658373,941552790,320.0,320.0,106.7,e2a74b9
South Asia,LKA,Sri Lanka,TOTAL,7690501,551343930,99407543622,18110760050,180.3,180.3,32.8,e2a74b9
Africa,SDN,Sudan,RES,8881683,695010914,113579228943,22468766558,163.4,163.4,32.3,e2a74b9
Africa,SDN,Sudan,COM,259810,49822929,13873701190,4167140763,278.5,278.5,83.6,e2a74b9
Africa,SDN,Sudan,IND,106141,30245219,6971739155,2661542681,230.5,230.5,88.0,e2a74b9
Africa,SDN,Sudan,TOTAL,9247634,775079062,134424669288,29297450002,173.4,173.4,37.8,e2a74b9
South America,SUR,Suriname,RES,49601,4585033,1517578567,379394642,331.0,331.0,82.7,e2a74b9
South America,SUR,Suriname,COM,2942,564908,228031260,43462395,403.7,403.7,76.9,e2a74b9
South America,SUR,Suriname,IND,2240,513311,253443289,88067305,493.7,493.7,171.6,e2a74b9
South America,SUR,Suriname,TOTAL,54783,5663252,1999053116,510924342,353.0,353.0,90.2,e2a74b9
Europe,SWE,Sweden,RES,2352964,442765520,955164002642,187856922276,2157.3,2157.3,424.3,e2a74b9
Europe,SWE,Sweden,COM,286491,113535818,255635998524,69006179840,2251.6,2251.6,607.8,e2a74b9
Europe,SWE,Sweden,IND,110999,148125441,236619830605,107222070053,1597.4,1597.4,723.9,e2a74b9
Europe,SWE,Sweden,TOTAL,2750454,704426779,1447419831771,364085172169,2054.7,2054.7,516.9,e2a74b9
Europe,CHE,Switzerland,RES,1753249,888005076,3206752714240,604200786904,3611.2,3611.2,680.4,e2a74b9
Europe,CHE,Switzerland,COM,120435,113798368,394543410383,101469025727,3467.0,3467.0,891.7,e2a74b9
Europe,CHE,Switzerland,IND,53656,112337698,238395170919,101590628571,2122.1,2122.1,904.3,e2a74b9
Europe,CHE,Switzerland,TOTAL,1927340,1114141142,3839691295542,807260441202,3446.3,3446.3,724.6,e2a74b9
Middle East,SYR,Syria,RES,3516585,651240609,144753245005,29088362829,222.3,222.3,44.7,e2a74b9
Middle East,SYR,Syria,COM,144545,52174569,18593804460,3532172592,356.4,356.4,67.7,e2a74b9
Middle East,SYR,Syria,IND,53625,30278266,9083479883,3215262535,300.0,300.0,106.2,e2a74b9
Middle East,SYR,Syria,TOTAL,3714755,733693444,172430529348,35835797956,235.0,235.0,48.8,e2a74b9
Africa,STP,São Tomé and Príncipe,RES,57128,4622506,1404960595,267828158,303.9,303.9,57.9,e2a74b9
Africa,STP,São Tomé and Príncipe,COM,1057,195158,64906453,18236016,332.6,332.6,93.4,e2a74b9
Africa,STP,São Tomé and Príncipe,IND,266,74295,32797887,10994447,441.5,441.5,148.0,e2a74b9
Africa,STP,São Tomé and Príncipe,TOTAL,58451,4891959,1502664935,297058621,307.2,307.2,60.7,e2a74b9
East Asia,TWN,Taiwan,RES,3804455,1116042107,1592497406518,296646856576,1426.9,1426.9,265.8,e2a74b9
East Asia,TWN,Taiwan,COM,139811,120024390,128393561356,32098390354,1069.7,1069.7,267.4,e2a74b9
East Asia,TWN,Taiwan,IND,55042,40722309,39620336284,14859397792,972.9,972.9,364.9,e2a74b9
East Asia,TWN,Taiwan,TOTAL,3999308,1276788806,1760511304158,343604644722,1378.9,1378.9,269.1,e2a74b9
Central Asia,TJK,Tajikistan,RES,1376394,133187109,28436529893,5041378969,213.5,213.5,37.9,e2a74b9
Central Asia,TJK,Tajikistan,COM,70230,11402871,3993306307,878737607,350.2,350.2,77.1,e2a74b9
Central Asia,TJK,Tajikistan,IND,17476,4590563,1966121651,663050419,428.3,428.3,144.4,e2a74b9
Central Asia,TJK,Tajikistan,TOTAL,1464100,149180543,34395957851,6583166995,230.6,230.6,44.1,e2a74b9
Africa,TZA,Tanzania,RES,14548950,1216503859,215232785598,41022605042,176.9,176.9,33.7,e2a74b9
Africa,TZA,Tanzania,COM,430562,83325276,19278311082,4941579992,231.4,231.4,59.3,e2a74b9
Africa,TZA,Tanzania,IND,100696,28678578,8311205490,2804158965,289.8,289.8,97.8,e2a74b9
Africa,TZA,Tanzania,TOTAL,15080208,1328507713,242822302170,48768343999,182.8,182.8,36.7,e2a74b9
Southeast Asia,THA,Thailand,RES,19637847,1970086206,596642153850,123223676849,302.9,302.9,62.5,e2a74b9
Southeast Asia,THA,Thailand,COM,1630594,237598993,123203015416,24127394916,518.5,518.5,101.5,e2a74b9
Southeast Asia,THA,Thailand,IND,639395,164359479,61574292780,22483905968,374.6,374.6,136.8,e2a74b9
Southeast Asia,THA,Thailand,TOTAL,21907836,2372044678,781419462046,169834977733,329.4,329.4,71.6,e2a74b9
Southeast Asia,TLS,Timor-Leste,RES,235086,23633249,6694762015,1576527856,283.3,283.3,66.7,e2a74b9
Southeast Asia,TLS,Timor-Leste,COM,16276,3700782,2032251650,439204029,549.1,549.1,118.7,e2a74b9
Southeast Asia,TLS,Timor-Leste,IND,5709,1228830,642560072,229624097,522.9,522.9,186.9,e2a74b9
Southeast Asia,TLS,Timor-Leste,TOTAL,257071,28562861,9369573737,2245355982,328.0,328.0,78.6,e2a74b9
Africa,TGO,Togo,RES,2094549,166548524,24839370676,4945782688,149.1,149.1,29.7,e2a74b9
Africa,TGO,Togo,COM,55873,10461689,2356801138,655523334,225.3,225.3,62.7,e2a74b9
Africa,TGO,Togo,IND,21411,6102929,1623350243,564748645,266.0,266.0,92.5,e2a74b9
Africa,TGO,Togo,TOTAL,2171833,183113142,28819522057,6166054667,157.4,157.4,33.7,e2a74b9
Oceania,TON,Tonga,RES,26915,4392526,2965136434,741284108,675.0,675.0,168.8,e2a74b9
Oceania,TON,Tonga,COM,3909,1239068,993961713,276033672,802.2,802.2,222.8,e2a74b9
Oceania,TON,Tonga,IND,258,74311,48931332,19670175,658.5,658.5,264.7,e2a74b9
Oceania,TON,Tonga,TOTAL,31082,5705905,4008029479,1036987955,702.4,702.4,181.7,e2a74b9
Caribbean Central America,TTO,Trinidad and Tobago,RES,408557,47089313,33698993087,6725202271,715.6,715.6,142.8,e2a74b9
Caribbean Central America,TTO,Trinidad and Tobago,COM,7342,2739206,2553921553,517855559,932.4,932.4,189.1,e2a74b9
Caribbean Central America,TTO,Trinidad and Tobago,IND,21366,6312461,4544971924,1746834155,720.0,720.0,276.7,e2a74b9
Caribbean Central America,TTO,Trinidad and Tobago,TOTAL,437265,56140980,40797886564,8989891985,726.7,726.7,160.1,e2a74b9
Africa,TUN,Tunisia,RES,2903819,265301169,78283042326,13956905337,295.1,295.1,52.6,e2a74b9
Africa,TUN,Tunisia,COM,112008,24363861,8853417917,2195509758,363.4,363.4,90.1,e2a74b9
Africa,TUN,Tunisia,IND,93375,26609580,7946611521,2853436921,298.6,298.6,107.2,e2a74b9
Africa,TUN,Tunisia,TOTAL,3109202,316274610,95083071764,19005852016,300.6,300.6,60.1,e2a74b9
Central Asia,TKM,Turkmenistan,RES,608399,104176834,31555163730,7291306123,302.9,302.9,70.0,e2a74b9
Central Asia,TKM,Turkmenistan,COM,59932,10231454,5530394368,1381582211,540.5,540.5,135.0,e2a74b9
Central Asia,TKM,Turkmenistan,IND,7356,1168528,521973052,206089393,446.7,446.7,176.4,e2a74b9
Central Asia,TKM,Turkmenistan,TOTAL,675687,115576816,37607531150,8878977727,325.4,325.4,76.8,e2a74b9
Caribbean Central America,TCA,Turks and Caicos Islands,RES,63232,22428458,32285319107,5895585896,1439.5,1439.5,262.9,e2a74b9
Caribbean Central America,TCA,Turks and Caicos Islands,COM,6967,1885832,3262122763,656380497,1729.8,1729.8,348.1,e2a74b9
Caribbean Central America,TCA,Turks and Caicos Islands,IND,2725,1202439,1491024153,574407968,1240.0,1240.0,477.7,e2a74b9
Caribbean Central America,TCA,Turks and Caicos Islands,TOTAL,72924,25516729,37038466023,7126374361,1451.5,1451.5,279.3,e2a74b9
Oceania,TUV,Tuvalu,RES,2676,209956,215048793,53762199,1024.3,1024.3,256.1,e2a74b9
Oceania,TUV,Tuvalu,COM,161,24930,39896000,11094625,1600.3,1600.3,445.0,e2a74b9
Oceania,TUV,Tuvalu,IND,13,1430,958500,404115,670.3,670.3,282.6,e2a74b9
Oceania,TUV,Tuvalu,TOTAL,2850,236316,255903293,65260939,1082.9,1082.9,276.2,e2a74b9
Europe,TUR,Türkiye,RES,9095551,2992006151,1118907418765,198395100674,374.0,374.0,66.3,e2a74b9
Europe,TUR,Türkiye,COM,777245,369137271,210545434795,52812376173,570.4,570.4,143.1,e2a74b9
Europe,TUR,Türkiye,IND,230760,268293134,102439556189,34305382187,381.8,381.8,127.9,e2a74b9
Europe,TUR,Türkiye,TOTAL,10103556,3629436556,1431892409749,285512859034,394.5,394.5,78.7,e2a74b9
Caribbean Central America,VIR,U.S. Virgin Islands,RES,38810,9374235,14190807667,7095346113,1513.8,1513.8,756.9,e2a74b9
Caribbean Central America,VIR,U.S. Virgin Islands,COM,2855,2228382,3679889464,3679889464,1651.4,1651.4,1651.4,e2a74b9
Caribbean Central America,VIR,U.S. Virgin Islands,IND,688,515738,854274432,1270639893,1656.4,1656.4,2463.7,e2a74b9
Caribbean Central America,VIR,U.S. Virgin Islands,TOTAL,42353,12118355,18724971563,12045875470,1545.2,1545.2,994.0,e2a74b9
Africa,UGA,Uganda,RES,11542753,943377255,136581032787,26458962452,144.8,144.8,28.0,e2a74b9
Africa,UGA,Uganda,COM,224307,42665518,11574687549,3157915878,271.3,271.3,74.0,e2a74b9
Africa,UGA,Uganda,IND,72893,20768813,6588384515,2244023696,317.2,317.2,108.0,e2a74b9
Africa,UGA,Uganda,TOTAL,11839953,1006811586,154744104851,31860902026,153.7,153.7,31.6,e2a74b9
Europe,UKR,Ukraine,RES,13320702,1407804436,691752990445,124146432942,491.4,491.4,88.2,e2a74b9
Europe,UKR,Ukraine,COM,325762,217846360,125777648301,31827161847,577.4,577.4,146.1,e2a74b9
Europe,UKR,Ukraine,IND,238933,220780496,110038811603,46626296603,498.4,498.4,211.2,e2a74b9
Europe,UKR,Ukraine,TOTAL,13885397,1846431292,927569450349,202599891392,502.4,502.4,109.7,e2a74b9
Middle East,ARE,United Arab Emirates,RES,762577,300063717,348000054000,61428066316,1159.8,1159.8,204.7,e2a74b9
Middle East,ARE,United Arab Emirates,COM,66802,28116121,35105871752,6755972950,1248.6,1248.6,240.3,e2a74b9
Middle East,ARE,United Arab Emirates,IND,6787,6052100,5139696409,1862158132,849.2,849.2,307.7,e2a74b9
Middle East,ARE,United Arab Emirates,TOTAL,836166,334231938,388245622161,70046197398,1161.6,1161.6,209.6,e2a74b9
Europe,GBR,United Kingdom,RES,15495076,2182089161,4285229403905,769815512035,1963.8,1963.8,352.8,e2a74b9
Europe,GBR,United Kingdom,COM,645530,482334420,1042874448742,265115293665,2162.1,2162.1,549.7,e2a74b9
Europe,GBR,United Kingdom,IND,216199,332892004,473467496183,218242127030,1422.3,1422.3,655.6,e2a74b9
Europe,GBR,United Kingdom,TOTAL,16356805,2997315585,5801571348830,1253172932730,1935.6,1935.6,418.1,e2a74b9
North America,USA,United States,RES,111074186,21971577386,46191375902214,23095527310165,2102.3,2102.3,1051.2,e2a74b9
North America,USA,United States,COM,8434256,6060432300,12610852543347,12559509068345,2080.9,2080.9,2072.4,e2a74b9
North America,USA,United States,IND,1924982,2366124404,4331426913275,6180959241933,1830.6,1830.6,2612.3,e2a74b9
North America,USA,United States,TOTAL,121433424,30398134090,63133655358836,41835995620443,2076.9,2076.9,1376.3,e2a74b9
South America,URY,Uruguay,RES,482880,59401417,63732798701,12050798835,1072.9,1072.9,202.9,e2a74b9
South America,URY,Uruguay,COM,31472,8653021,9324902394,1778816218,1077.6,1077.6,205.6,e2a74b9
South America,URY,Uruguay,IND,26894,8283294,7611333389,2641178180,918.9,918.9,318.9,e2a74b9
South America,URY,Uruguay,TOTAL,541246,76337732,80669034484,16470793233,1056.7,1056.7,215.8,e2a74b9
Central Asia,UZB,Uzbekistan,RES,4985056,674808248,242299662204,43808069604,359.1,359.1,64.9,e2a74b9
Central Asia,UZB,Uzbekistan,COM,616694,105278079,54447775251,12302448038,517.2,517.2,116.9,e2a74b9
Central Asia,UZB,Uzbekistan,IND,203850,41599379,16750524110,6370625583,402.7,402.7,153.1,e2a74b9
Central Asia,UZB,Uzbekistan,TOTAL,5805600,821685706,313497961565,62481143225,381.5,381.5,76.0,e2a74b9
Oceania,VUT,Vanuatu,RES,74789,7040695,4262248194,1065562044,605.4,605.4,151.3,e2a74b9
Oceania,VUT,Vanuatu,COM,5769,1460250,2117825710,572200216,1450.3,1450.3,391.9,e2a74b9
Oceania,VUT,Vanuatu,IND,394,119570,140663225,54161619,1176.4,1176.4,453.0,e2a74b9
Oceania,VUT,Vanuatu,TOTAL,80952,8620515,6520737129,1691923879,756.4,756.4,196.3,e2a74b9
South America,VEN,Venezuela,RES,6753946,562707623,163644362506,35967823276,290.8,290.8,63.9,e2a74b9
South America,VEN,Venezuela,COM,385026,89633865,42130885338,9258763009,470.0,470.0,103.3,e2a74b9
South America,VEN,Venezuela,IND,253180,78930936,25191948948,9257350265,319.2,319.2,117.3,e2a74b9
South America,VEN,Venezuela,TOTAL,7392152,731272424,230967196792,54483936550,315.8,315.8,74.5,e2a74b9
Southeast Asia,VNM,Vietnam,RES,26077962,2126438550,386725322887,87889987004,181.9,181.9,41.3,e2a74b9
Southeast Asia,VNM,Vietnam,COM,1433560,207074599,83368456806,16846261607,402.6,402.6,81.4,e2a74b9
Southeast Asia,VNM,Vietnam,IND,96490,12495727,3237823571,1182105078,259.1,259.1,94.6,e2a74b9
Southeast Asia,VNM,Vietnam,TOTAL,27608012,2346008876,473331603264,105918353689,201.8,201.8,45.1,e2a74b9
Middle East,YEM,Yemen,RES,5622584,681528253,122718873523,27185856654,180.1,180.1,39.9,e2a74b9
Middle East,YEM,Yemen,COM,260743,67821493,23635784998,5077509638,348.5,348.5,74.9,e2a74b9
Middle East,YEM,Yemen,IND,58831,24421159,10415668892,3778930926,426.5,426.5,154.7,e2a74b9
Middle East,YEM,Yemen,TOTAL,5942158,773770905,156770327413,36042297218,202.6,202.6,46.6,e2a74b9
Africa,ZMB,Zambia,RES,4158319,341224033,55202906774,9895149795,161.8,161.8,29.0,e2a74b9
Africa,ZMB,Zambia,COM,86560,16339564,4549949418,1166930514,278.5,278.5,71.4,e2a74b9
Africa,ZMB,Zambia,IND,19907,5673342,1605213317,535071100,282.9,282.9,94.3,e2a74b9
Africa,ZMB,Zambia,TOTAL,4264786,363236939,61358069509,11597151409,168.9,168.9,31.9,e2a74b9
Africa,ZWE,Zimbabwe,RES,4412443,348177005,66611422822,12242028907,191.3,191.3,35.2,e2a74b9
Africa,ZWE,Zimbabwe,COM,57331,10855771,3713386032,1011737233,342.1,342.1,93.2,e2a74b9
Africa,ZWE,Zimbabwe,IND,12393,3523742,1189173903,419860828,337.5,337.5,119.2,e2a74b9
Africa,ZWE,Zimbabwe,TOTAL,4482167,362556518,71513982757,13673626968,197.2,197.2,37.7,e2a74b9
